,ext_debt_stocks,inflation_rate,unemployment_rate,mortality_by_1000,resources_rent_procent_of_GDP,military_expenditure_procent_of_GDP,arms_imports,democracy_index,corruption_index,GPD_per_capita,fertility_rate,energy_access_procent_of_population,population,unseat_current_state_head_attempt,trade_openness,state_control_over_territory,political_violence
0,9064267095.5,11.9050398185147,4.09999990463257,6.0,12.0,1.66921378312216,0.0,0.29,0.73,7.151485463904735,2.9,0.0,6.448889394146858,0.0,0.0,0.0,0.0
1,9156789203.1,-3.23338933983321,4.69,8.75,8.32073300790914,2.60603750918948,16.11809565095832,0.507,0.445,8.480603270691908,5.11,18.374855041503903,7.655125931762437,0.0,5.6,78.167,1.294
2,9156789203.1,-3.23338933983321,4.69,8.75,8.32073300790914,2.60603750918948,16.11809565095832,0.507,0.445,8.480603270691908,5.11,18.374855041503903,7.655125931762437,0.0,5.6,78.167,1.294
3,9156789203.1,-3.23338933983321,4.69,8.75,8.32073300790914,2.60603750918948,16.11809565095832,0.507,0.445,8.480603270691908,5.11,18.374855041503903,7.655125931762437,0.0,5.6,78.167,1.294
4,688207826.7,7.5,37.16,13.878,4.62753146037008,2.85192846653195,15.424948470398375,0.289,0.61,5.965382344484432,3.93,0.0,5.321266997613617,0.0,10.0,79.636,0.733
5,10897975637.2,30.1596997992844,13.6999998092651,13.13,0.179428334030044,3.51189797884574,15.60727002719233,0.183,0.886,8.60697667257225,0.0,100.0,6.768694340846084,0.0,4.2,90.6,0.558
6,10897975637.2,30.1596997992844,13.6999998092651,13.13,0.179428334030044,3.51189797884574,15.60727002719233,0.183,0.886,8.60697667257225,0.0,100.0,6.768694340846084,0.0,4.2,90.6,0.558
7,27110465347.6,-0.778430463054117,15.2799997329712,3.169,1.12311442695397,4.51419331656486,19.262247929630583,0.197,0.525,8.91886685440479,2.95,99.95882415771484,6.87246379628247,0.0,8.8,97.6,0.429
8,400057787893.1,7.6708536484588,10.2399997711182,5.125,0.256870594628335,1.81284829274449,19.89772946834072,0.6,0.58,10.164273649274849,2.1,100.0,8.98281222234415,0.0,5.1,0.0,0.0
9,400057787893.1,7.6708536484588,10.2399997711182,5.125,0.256870594628335,1.81284829274449,19.89772946834072,0.6,0.58,10.164273649274849,2.1,100.0,8.98281222234415,0.0,5.1,0.0,0.0
10,400057787893.1,7.6708536484588,10.2399997711182,5.125,0.256870594628335,1.81284829274449,19.89772946834072,0.6,0.58,10.164273649274849,2.1,100.0,8.98281222234415,0.0,5.1,0.0,0.0
11,392576050359.7,9.47899691419793,3.22000002861023,7.118,4.03195571930265,2.61816761903533,22.20305054115364,0.565,0.461,13.392455680432983,2.44,79.9000015258789,11.781378677190022,0.0,5.5,88.625,0.311
12,21460776765.5,18.0966171221351,17.4400005340576,7.541,24.8417981166866,5.45,18.968802152462054,0.069,0.757,9.583376361088797,4.82,39.82080459594727,8.246570640979899,0.0,3.1,67.0,0.545
13,208740000.0,46.8521757193597,12.2,11.6,57.2227618752201,6.09441532228387,17.926384422137584,0.105,0.799,10.26984107753611,5.29,2.6846847534179688,6.999604932612016,0.0,10.0,76.0,1.51
14,208740000.0,46.8521757193597,12.2,11.6,57.2227618752201,6.09441532228387,17.926384422137584,0.105,0.799,10.26984107753611,5.29,2.6846847534179688,6.999604932612016,0.0,10.0,76.0,1.51
15,208740000.0,46.8521757193597,12.2,11.6,57.2227618752201,6.09441532228387,17.926384422137584,0.105,0.799,10.26984107753611,5.29,2.6846847534179688,6.999604932612016,0.0,10.0,76.0,1.51
16,208740000.0,46.8521757193597,12.2,11.6,57.2227618752201,6.09441532228387,17.926384422137584,0.105,0.799,10.26984107753611,5.29,2.6846847534179688,6.999604932612016,0.0,10.0,76.0,1.51
17,208740000.0,46.8521757193597,12.2,11.6,57.2227618752201,6.09441532228387,17.926384422137584,0.105,0.799,10.26984107753611,5.29,2.6846847534179688,6.999604932612016,0.0,10.0,76.0,1.51
18,208740000.0,46.8521757193597,12.2,11.6,57.2227618752201,6.09441532228387,17.926384422137584,0.105,0.799,10.26984107753611,5.29,2.6846847534179688,6.999604932612016,0.0,10.0,76.0,1.51
19,208740000.0,46.8521757193597,12.2,11.6,57.2227618752201,6.09441532228387,17.926384422137584,0.105,0.799,10.26984107753611,5.29,2.6846847534179688,6.999604932612016,0.0,10.0,76.0,1.51
20,208740000.0,46.8521757193597,12.2,11.6,57.2227618752201,6.09441532228387,17.926384422137584,0.105,0.799,10.26984107753611,5.29,2.6846847534179688,6.999604932612016,0.0,10.0,76.0,1.51
21,208740000.0,46.8521757193597,12.2,11.6,57.2227618752201,6.09441532228387,17.926384422137584,0.105,0.799,10.26984107753611,5.29,2.6846847534179688,6.999604932612016,0.0,10.0,76.0,1.51
22,208740000.0,46.8521757193597,12.2,11.6,57.2227618752201,6.09441532228387,17.926384422137584,0.105,0.799,10.26984107753611,5.29,2.6846847534179688,6.999604932612016,0.0,10.0,76.0,1.51
23,208740000.0,46.8521757193597,12.2,11.6,57.2227618752201,6.09441532228387,17.926384422137584,0.105,0.799,10.26984107753611,5.29,2.6846847534179688,6.999604932612016,0.0,10.0,76.0,1.51
24,4000000000.0,15.5184815317562,19.39,5.479,51.5397764449761,7.26,15.89495209964411,0.063,0.833,8.970365591885445,2.47,79.96945190429688,6.457053759637783,0.0,10.0,65.912,3.122
25,4000000000.0,15.5184815317562,19.39,5.479,51.5397764449761,7.26,15.89495209964411,0.063,0.833,8.970365591885445,2.47,79.96945190429688,6.457053759637783,0.0,10.0,65.912,3.122
26,4000000000.0,15.5184815317562,19.39,5.479,51.5397764449761,7.26,15.89495209964411,0.063,0.833,8.970365591885445,2.47,79.96945190429688,6.457053759637783,0.0,10.0,65.912,3.122
27,4000000000.0,15.5184815317562,19.39,5.479,51.5397764449761,7.26,15.89495209964411,0.063,0.833,8.970365591885445,2.47,79.96945190429688,6.457053759637783,0.0,10.0,65.912,3.122
28,4000000000.0,15.5184815317562,19.39,5.479,51.5397764449761,7.26,15.89495209964411,0.063,0.833,8.970365591885445,2.47,79.96945190429688,6.457053759637783,0.0,10.0,65.912,3.122
29,4000000000.0,15.5184815317562,19.39,5.479,51.5397764449761,7.26,15.89495209964411,0.063,0.833,8.970365591885445,2.47,79.96945190429688,6.457053759637783,0.0,10.0,65.912,3.122
30,4000000000.0,15.5184815317562,19.39,5.479,51.5397764449761,7.26,15.89495209964411,0.063,0.833,8.970365591885445,2.47,79.96945190429688,6.457053759637783,0.0,10.0,65.912,3.122
31,2194580111.0,2.46375188572298,9.29,12.189,8.60697066436161,1.41728285775552,16.11809565095832,0.423,0.853,7.9427281977106095,6.61,24.030895233154297,7.344349476820456,0.0,5.1,77.231,0.297
32,2194580111.0,2.46375188572298,9.29,12.189,8.60697066436161,1.41728285775552,16.11809565095832,0.423,0.853,7.9427281977106095,6.61,24.030895233154297,7.344349476820456,0.0,5.1,77.231,0.297
33,2194580111.0,2.46375188572298,9.29,12.189,8.60697066436161,1.41728285775552,16.11809565095832,0.423,0.853,7.9427281977106095,6.61,24.030895233154297,7.344349476820456,0.0,5.1,77.231,0.297
34,2194580111.0,2.46375188572298,9.29,12.189,8.60697066436161,1.41728285775552,16.11809565095832,0.423,0.853,7.9427281977106095,6.61,24.030895233154297,7.344349476820456,0.0,5.1,77.231,0.297
35,2194580111.0,2.46375188572298,9.29,12.189,8.60697066436161,1.41728285775552,16.11809565095832,0.423,0.853,7.9427281977106095,6.61,24.030895233154297,7.344349476820456,0.0,5.1,77.231,0.297
36,2194580111.0,2.46375188572298,9.29,12.189,8.60697066436161,1.41728285775552,16.11809565095832,0.423,0.853,7.9427281977106095,6.61,24.030895233154297,7.344349476820456,0.0,5.1,77.231,0.297
37,2194580111.0,2.46375188572298,9.29,12.189,8.60697066436161,1.41728285775552,16.11809565095832,0.423,0.853,7.9427281977106095,6.61,24.030895233154297,7.344349476820456,0.0,5.1,77.231,0.297
38,2194580111.0,2.46375188572298,9.29,12.189,8.60697066436161,1.41728285775552,16.11809565095832,0.423,0.853,7.9427281977106095,6.61,24.030895233154297,7.344349476820456,0.0,5.1,77.231,0.297
39,2194580111.0,2.46375188572298,9.29,12.189,8.60697066436161,1.41728285775552,16.11809565095832,0.423,0.853,7.9427281977106095,6.61,24.030895233154297,7.344349476820456,0.0,5.1,77.231,0.297
40,2194580111.0,2.46375188572298,9.29,12.189,8.60697066436161,1.41728285775552,16.11809565095832,0.423,0.853,7.9427281977106095,6.61,24.030895233154297,7.344349476820456,0.0,5.1,77.231,0.297
41,2194580111.0,2.46375188572298,9.29,12.189,8.60697066436161,1.41728285775552,16.11809565095832,0.423,0.853,7.9427281977106095,6.61,24.030895233154297,7.344349476820456,0.0,5.1,77.231,0.297
42,208740000.0,45.5258978371706,12.2,11.104,7.42709539543966,8.7711241134394,14.508657738524219,0.105,0.799,10.149210617125402,5.2,3.136361122131348,6.991038883118875,0.0,7.3,76.4,1.51
43,386423097229.7,5.92525137041095,4.19999980926514,7.06,9.71486207089171,1.71233436060411,21.316040043359568,0.056,0.472,14.028436559445504,1.62,98.95057678222656,11.8574235864118,0.0,5.7,97.053,1.172
44,18503086016.3,7.04661816222037,4.25,6.425,0.985276088782365,1.09089436952842,16.11809565095832,0.24,0.854,10.260141266249502,2.69,44.22999954223633,9.608413426048696,0.0,3.8,99.3,2.081
45,18503086016.3,7.04661816222037,4.25,6.425,0.985276088782365,1.09089436952842,16.11809565095832,0.24,0.854,10.260141266249502,2.69,44.22999954223633,9.608413426048696,0.0,3.8,99.3,2.081
46,28376713498.2,15.8096321719345,2.33,6.439,5.49411085590297,0.578180787195687,18.119575651168443,0.175,0.481,10.123350929957327,4.15,48.06359100341797,9.3779438979765,0.0,4.5,92.875,1.992
47,75052145049.5,3.76511916356584,3.78,7.036,0.855531326817237,3.59474546951394,20.545334628453748,0.237,0.818,11.46577941150978,3.61,71.55022430419922,9.98488074789053,0.0,2.5,85.1,0.999
48,75052145049.5,3.76511916356584,3.78,7.036,0.855531326817237,3.59474546951394,20.545334628453748,0.237,0.818,11.46577941150978,3.61,71.55022430419922,9.98488074789053,0.0,2.5,85.1,0.999
49,75052145049.5,3.76511916356584,3.78,7.036,0.855531326817237,3.59474546951394,20.545334628453748,0.237,0.818,11.46577941150978,3.61,71.55022430419922,9.98488074789053,0.0,2.5,85.1,0.999
50,75052145049.5,3.76511916356584,3.78,7.036,0.855531326817237,3.59474546951394,20.545334628453748,0.237,0.818,11.46577941150978,3.61,71.55022430419922,9.98488074789053,0.0,2.5,85.1,0.999
51,75052145049.5,3.76511916356584,3.78,7.036,0.855531326817237,3.59474546951394,20.545334628453748,0.237,0.818,11.46577941150978,3.61,71.55022430419922,9.98488074789053,0.0,2.5,85.1,0.999
52,9133608406.4,35.7225982298716,3.08,18.88,11.2321022647339,5.70513154467309,18.197537192638155,0.078,0.535,8.224837280243552,7.19,0.0,8.56279504021039,0.0,1.3,89.429,1.805
53,5484154972.0,32.2720382866416,0.76,11.31,1.88020257088527,3.17100459309858,19.262247929630583,0.1,0.8,6.333279628139691,3.3,35.0,8.31090675716845,0.0,0.3,0.0,0.0
54,5484154972.0,32.2720382866416,0.76,11.31,1.88020257088527,3.17100459309858,19.262247929630583,0.1,0.8,6.333279628139691,3.3,35.0,8.31090675716845,0.0,0.3,0.0,0.0
55,5484154972.0,32.2720382866416,0.76,11.31,1.88020257088527,3.17100459309858,19.262247929630583,0.1,0.8,6.333279628139691,3.3,35.0,8.31090675716845,0.0,0.3,0.0,0.0
56,5484154972.0,32.2720382866416,0.76,11.31,1.88020257088527,3.17100459309858,19.262247929630583,0.1,0.8,6.333279628139691,3.3,35.0,8.31090675716845,0.0,0.3,0.0,0.0
57,5484154972.0,32.2720382866416,0.76,11.31,1.88020257088527,3.17100459309858,19.262247929630583,0.1,0.8,6.333279628139691,3.3,35.0,8.31090675716845,0.0,0.3,0.0,0.0
58,5484154972.0,32.2720382866416,0.76,11.31,1.88020257088527,3.17100459309858,19.262247929630583,0.1,0.8,6.333279628139691,3.3,35.0,8.31090675716845,0.0,0.3,0.0,0.0
59,5484154972.0,32.2720382866416,0.76,11.31,1.88020257088527,3.17100459309858,19.262247929630583,0.1,0.8,6.333279628139691,3.3,35.0,8.31090675716845,0.0,0.3,0.0,0.0
60,0.0,2.10501231233614,3.16000008583069,4.945,8.75724806356331,1.49929579850642,18.159315979817958,0.205,0.572,11.134980188611474,2.09,99.6044464111328,8.053946840256154,0.0,10.0,97.833,0.295
61,4748208496.5,36.7022953364139,8.81,6.417,13.8718176639329,4.1,20.061617323445837,0.15,0.8,7.67693714581808,3.1,90.8,7.72356247227797,0.0,6.3,0.0,0.0
62,4748208496.5,36.7022953364139,8.81,6.417,13.8718176639329,4.1,20.061617323445837,0.15,0.8,7.67693714581808,3.1,90.8,7.72356247227797,0.0,6.3,0.0,0.0
63,4748208496.5,36.7022953364139,8.81,6.417,13.8718176639329,4.1,20.061617323445837,0.15,0.8,7.67693714581808,3.1,90.8,7.72356247227797,0.0,6.3,0.0,0.0
64,4748208496.5,36.7022953364139,8.81,6.417,13.8718176639329,4.1,20.061617323445837,0.15,0.8,7.67693714581808,3.1,90.8,7.72356247227797,0.0,6.3,0.0,0.0
65,5558434812.7,3.7,18.85,11.444,13.4014161781294,1.2,0.0,0.102,0.915,7.892310830711295,6.07,50.76497650146485,7.354203008709334,0.0,0.01,48.0,2.715
66,5773699803.6,18.0141183371874,12.1899995803833,4.715,36.0426424158871,2.45625050479328,15.201804919084164,0.2,0.72,9.508368736482108,1.6,100.0,9.055089086704891,0.0,4.2,0.0,0.0
67,5773699803.6,18.0141183371874,12.1899995803833,4.715,36.0426424158871,2.45625050479328,15.201804919084164,0.2,0.72,9.508368736482108,1.6,100.0,9.055089086704891,0.0,4.2,0.0,0.0
68,5773699803.6,18.0141183371874,12.1899995803833,4.715,36.0426424158871,2.45625050479328,15.201804919084164,0.2,0.72,9.508368736482108,1.6,100.0,9.055089086704891,0.0,4.2,0.0,0.0
69,5773699803.6,18.0141183371874,12.1899995803833,4.715,36.0426424158871,2.45625050479328,15.201804919084164,0.2,0.72,9.508368736482108,1.6,100.0,9.055089086704891,0.0,4.2,0.0,0.0
70,4326265942.7,1.75985742927153,7.40999984741211,9.637,7.81614326291769,3.02663551651214,17.24949776244942,0.338,0.806,8.386545408618286,5.97,34.779998779296875,7.575135832905049,0.0,5.8,70.0,1.574
71,4326265942.7,1.75985742927153,7.40999984741211,9.637,7.81614326291769,3.02663551651214,17.24949776244942,0.338,0.806,8.386545408618286,5.97,34.779998779296875,7.575135832905049,0.0,5.8,70.0,1.574
72,4326265942.7,1.75985742927153,7.40999984741211,9.637,7.81614326291769,3.02663551651214,17.24949776244942,0.338,0.806,8.386545408618286,5.97,34.779998779296875,7.575135832905049,0.0,5.8,70.0,1.574
73,4326265942.7,1.75985742927153,7.40999984741211,9.637,7.81614326291769,3.02663551651214,17.24949776244942,0.338,0.806,8.386545408618286,5.97,34.779998779296875,7.575135832905049,0.0,5.8,70.0,1.574
74,4326265942.7,1.75985742927153,7.40999984741211,9.637,7.81614326291769,3.02663551651214,17.24949776244942,0.338,0.806,8.386545408618286,5.97,34.779998779296875,7.575135832905049,0.0,5.8,70.0,1.574
75,4765860589.2,200.0,8.83,7.696,12.4321481390096,4.1,20.04204722725174,0.14,0.0,7.048386408721883,3.0,90.2,7.673223121121708,0.0,6.5,0.0,0.0
76,4765860589.2,200.0,8.83,7.696,12.4321481390096,4.1,20.04204722725174,0.14,0.0,7.048386408721883,3.0,90.2,7.673223121121708,0.0,6.5,0.0,0.0
77,4765860589.2,200.0,8.83,7.696,12.4321481390096,4.1,20.04204722725174,0.14,0.0,7.048386408721883,3.0,90.2,7.673223121121708,0.0,6.5,0.0,0.0
78,4765860589.2,200.0,8.83,7.696,12.4321481390096,4.1,20.04204722725174,0.14,0.0,7.048386408721883,3.0,90.2,7.673223121121708,0.0,6.5,0.0,0.0
79,4765860589.2,200.0,8.83,7.696,12.4321481390096,4.1,20.04204722725174,0.14,0.0,7.048386408721883,3.0,90.2,7.673223121121708,0.0,6.5,0.0,0.0
80,4765860589.2,200.0,8.83,7.696,12.4321481390096,4.1,20.04204722725174,0.14,0.0,7.048386408721883,3.0,90.2,7.673223121121708,0.0,6.5,0.0,0.0
81,4765860589.2,200.0,8.83,7.696,12.4321481390096,4.1,20.04204722725174,0.14,0.0,7.048386408721883,3.0,90.2,7.673223121121708,0.0,6.5,0.0,0.0
82,4765860589.2,200.0,8.83,7.696,12.4321481390096,4.1,20.04204722725174,0.14,0.0,7.048386408721883,3.0,90.2,7.673223121121708,0.0,6.5,0.0,0.0
83,4765860589.2,200.0,8.83,7.696,12.4321481390096,4.1,20.04204722725174,0.14,0.0,7.048386408721883,3.0,90.2,7.673223121121708,0.0,6.5,0.0,0.0
84,3747044962.9,1.45069057605958,7.73000001907349,10.211,7.4271100051454,2.36016226686091,0.0,0.372,0.779,8.232321300037636,6.14,37.59999847412109,7.524222258966552,0.0,6.4,74.273,1.574
85,10073207229.5,0.64267352185089,0.0,8.594,6.40469692102559,1.17379348253472,15.89495209964411,0.136,0.918,8.952410222275557,4.64,61.03086471557617,7.882581675850321,0.0,4.2,90.875,1.299
86,10073207229.5,0.64267352185089,0.0,8.594,6.40469692102559,1.17379348253472,15.89495209964411,0.136,0.918,8.952410222275557,4.64,61.03086471557617,7.882581675850321,0.0,4.2,90.875,1.299
87,10073207229.5,0.64267352185089,0.0,8.594,6.40469692102559,1.17379348253472,15.89495209964411,0.136,0.918,8.952410222275557,4.64,61.03086471557617,7.882581675850321,0.0,4.2,90.875,1.299
88,10073207229.5,0.64267352185089,0.0,8.594,6.40469692102559,1.17379348253472,15.89495209964411,0.136,0.918,8.952410222275557,4.64,61.03086471557617,7.882581675850321,0.0,4.2,90.875,1.299
89,10073207229.5,0.64267352185089,0.0,8.594,6.40469692102559,1.17379348253472,15.89495209964411,0.136,0.918,8.952410222275557,4.64,61.03086471557617,7.882581675850321,0.0,4.2,90.875,1.299
90,3074719048.7,8.64,4.55,14.804,12.3846874433469,1.53463751403247,16.70588231586044,0.103,0.925,7.449689959035357,6.08,15.146257400512695,6.8012318651980905,0.0,3.1,89.667,0.227
91,3074719048.7,8.64,4.55,14.804,12.3846874433469,1.53463751403247,16.70588231586044,0.103,0.925,7.449689959035357,6.08,15.146257400512695,6.8012318651980905,0.0,3.1,89.667,0.227
92,2596917266.2,-0.661709164713696,11.3,7.331,0.514492082955642,0.994575822723645,18.56910074907064,0.231,0.893,8.740784642408409,4.98,71.5,8.177363846005894,0.0,4.9,58.636,2.907
93,2596917266.2,-0.661709164713696,11.3,7.331,0.514492082955642,0.994575822723645,18.56910074907064,0.231,0.893,8.740784642408409,4.98,71.5,8.177363846005894,0.0,4.9,58.636,2.907
94,2596917266.2,-0.661709164713696,11.3,7.331,0.514492082955642,0.994575822723645,18.56910074907064,0.231,0.893,8.740784642408409,4.98,71.5,8.177363846005894,0.0,4.9,58.636,2.907
95,2596917266.2,-0.661709164713696,11.3,7.331,0.514492082955642,0.994575822723645,18.56910074907064,0.231,0.893,8.740784642408409,4.98,71.5,8.177363846005894,0.0,4.9,58.636,2.907
96,2596917266.2,-0.661709164713696,11.3,7.331,0.514492082955642,0.994575822723645,18.56910074907064,0.231,0.893,8.740784642408409,4.98,71.5,8.177363846005894,0.0,4.9,58.636,2.907
97,2596917266.2,-0.661709164713696,11.3,7.331,0.514492082955642,0.994575822723645,18.56910074907064,0.231,0.893,8.740784642408409,4.98,71.5,8.177363846005894,0.0,4.9,58.636,2.907
98,2596917266.2,-0.661709164713696,11.3,7.331,0.514492082955642,0.994575822723645,18.56910074907064,0.231,0.893,8.740784642408409,4.98,71.5,8.177363846005894,0.0,4.9,58.636,2.907
99,7304904667.0,2.68598277212217,0.0,9.179,5.86322500828741,1.14443329649881,16.012735135300492,0.161,0.936,8.851674590491966,4.78,58.5955924987793,7.8318732975660605,0.0,4.9,95.4,0.96
100,7304904667.0,2.68598277212217,0.0,9.179,5.86322500828741,1.14443329649881,16.012735135300492,0.161,0.936,8.851674590491966,4.78,58.5955924987793,7.8318732975660605,0.0,4.9,95.4,0.96
101,7304904667.0,2.68598277212217,0.0,9.179,5.86322500828741,1.14443329649881,16.012735135300492,0.161,0.936,8.851674590491966,4.78,58.5955924987793,7.8318732975660605,0.0,4.9,95.4,0.96
102,7304904667.0,2.68598277212217,0.0,9.179,5.86322500828741,1.14443329649881,16.012735135300492,0.161,0.936,8.851674590491966,4.78,58.5955924987793,7.8318732975660605,0.0,4.9,95.4,0.96
103,2799378941.3,4.3771266506566,1.07,13.693,13.2002505902492,2.0188218544744,13.815510557964274,0.095,0.966,7.991920036199282,6.05,7.699999809265137,7.292673402829201,0.0,5.2,79.286,1.736
104,2799378941.3,4.3771266506566,1.07,13.693,13.2002505902492,2.0188218544744,13.815510557964274,0.095,0.966,7.991920036199282,6.05,7.699999809265137,7.292673402829201,0.0,5.2,79.286,1.736
105,2799378941.3,4.3771266506566,1.07,13.693,13.2002505902492,2.0188218544744,13.815510557964274,0.095,0.966,7.991920036199282,6.05,7.699999809265137,7.292673402829201,0.0,5.2,79.286,1.736
106,2799378941.3,4.3771266506566,1.07,13.693,13.2002505902492,2.0188218544744,13.815510557964274,0.095,0.966,7.991920036199282,6.05,7.699999809265137,7.292673402829201,0.0,5.2,79.286,1.736
107,2799378941.3,4.3771266506566,1.07,13.693,13.2002505902492,2.0188218544744,13.815510557964274,0.095,0.966,7.991920036199282,6.05,7.699999809265137,7.292673402829201,0.0,5.2,79.286,1.736
108,2799378941.3,4.3771266506566,1.07,13.693,13.2002505902492,2.0188218544744,13.815510557964274,0.095,0.966,7.991920036199282,6.05,7.699999809265137,7.292673402829201,0.0,5.2,79.286,1.736
109,2228591634.7,-0.576090369833086,0.0,8.799,9.80728420062919,1.6,16.11809565095832,0.497,0.541,7.73665681704833,7.17,16.600000381469727,7.653279041961221,0.0,4.5,65.778,1.225
110,2228591634.7,-0.576090369833086,0.0,8.799,9.80728420062919,1.6,16.11809565095832,0.497,0.541,7.73665681704833,7.17,16.600000381469727,7.653279041961221,0.0,4.5,65.778,1.225
111,2228591634.7,-0.576090369833086,0.0,8.799,9.80728420062919,1.6,16.11809565095832,0.497,0.541,7.73665681704833,7.17,16.600000381469727,7.653279041961221,0.0,4.5,65.778,1.225
112,2228591634.7,-0.576090369833086,0.0,8.799,9.80728420062919,1.6,16.11809565095832,0.497,0.541,7.73665681704833,7.17,16.600000381469727,7.653279041961221,0.0,4.5,65.778,1.225
113,2228591634.7,-0.576090369833086,0.0,8.799,9.80728420062919,1.6,16.11809565095832,0.497,0.541,7.73665681704833,7.17,16.600000381469727,7.653279041961221,0.0,4.5,65.778,1.225
114,2228591634.7,-0.576090369833086,0.0,8.799,9.80728420062919,1.6,16.11809565095832,0.497,0.541,7.73665681704833,7.17,16.600000381469727,7.653279041961221,0.0,4.5,65.778,1.225
115,2228591634.7,-0.576090369833086,0.0,8.799,9.80728420062919,1.6,16.11809565095832,0.497,0.541,7.73665681704833,7.17,16.600000381469727,7.653279041961221,0.0,4.5,65.778,1.225
116,32413349871.7,9.00938718326781,4.30999994277954,13.803,5.07001292469572,0.417636536781708,19.041257231677477,0.424,0.916,11.377789654526927,5.59,52.5,9.871739783253375,0.0,2.1,82.727,3.015
117,32413349871.7,9.00938718326781,4.30999994277954,13.803,5.07001292469572,0.417636536781708,19.041257231677477,0.424,0.916,11.377789654526927,5.59,52.5,9.871739783253375,0.0,2.1,82.727,3.015
118,32413349871.7,9.00938718326781,4.30999994277954,13.803,5.07001292469572,0.417636536781708,19.041257231677477,0.424,0.916,11.377789654526927,5.59,52.5,9.871739783253375,0.0,2.1,82.727,3.015
119,32413349871.7,9.00938718326781,4.30999994277954,13.803,5.07001292469572,0.417636536781708,19.041257231677477,0.424,0.916,11.377789654526927,5.59,52.5,9.871739783253375,0.0,2.1,82.727,3.015
120,32413349871.7,9.00938718326781,4.30999994277954,13.803,5.07001292469572,0.417636536781708,19.041257231677477,0.424,0.916,11.377789654526927,5.59,52.5,9.871739783253375,0.0,2.1,82.727,3.015
121,32413349871.7,9.00938718326781,4.30999994277954,13.803,5.07001292469572,0.417636536781708,19.041257231677477,0.424,0.916,11.377789654526927,5.59,52.5,9.871739783253375,0.0,2.1,82.727,3.015
122,32413349871.7,9.00938718326781,4.30999994277954,13.803,5.07001292469572,0.417636536781708,19.041257231677477,0.424,0.916,11.377789654526927,5.59,52.5,9.871739783253375,0.0,2.1,82.727,3.015
123,75455613.8,9.0,6.08,11.263,7.71804405686972,11.8604149677876,17.785802471516394,0.04,0.342,8.653826069458695,5.69,25.874610900878903,5.475253615232306,0.0,10.0,100.0,0.54
124,75455613.8,9.0,6.08,11.263,7.71804405686972,11.8604149677876,17.785802471516394,0.04,0.342,8.653826069458695,5.69,25.874610900878903,5.475253615232306,0.0,10.0,100.0,0.54
125,75455613.8,9.0,6.08,11.263,7.71804405686972,11.8604149677876,17.785802471516394,0.04,0.342,8.653826069458695,5.69,25.874610900878903,5.475253615232306,0.0,10.0,100.0,0.54
126,7298886699.6,22.0,13.77,6.137,2.10342672948231,3.9,17.312018119430753,0.18,0.82,7.3783837129967145,4.1,67.3,7.955775781534187,0.0,3.6,0.0,0.0
127,7298886699.6,22.0,13.77,6.137,2.10342672948231,3.9,17.312018119430753,0.18,0.82,7.3783837129967145,4.1,67.3,7.955775781534187,0.0,3.6,0.0,0.0
128,7298886699.6,22.0,13.77,6.137,2.10342672948231,3.9,17.312018119430753,0.18,0.82,7.3783837129967145,4.1,67.3,7.955775781534187,0.0,3.6,0.0,0.0
129,19783760501.7,6.58217440250398,2.78,7.361,2.70200680808594,1.31807026111731,17.216707939626428,0.401,0.663,9.613663120202672,3.77,41.59999847412109,8.53092941602813,0.0,4.4,89.05,0.757
130,19783760501.7,6.58217440250398,2.78,7.361,2.70200680808594,1.31807026111731,17.216707939626428,0.401,0.663,9.613663120202672,3.77,41.59999847412109,8.53092941602813,0.0,4.4,89.05,0.757
131,19783760501.7,6.58217440250398,2.78,7.361,2.70200680808594,1.31807026111731,17.216707939626428,0.401,0.663,9.613663120202672,3.77,41.59999847412109,8.53092941602813,0.0,4.4,89.05,0.757
132,19783760501.7,6.58217440250398,2.78,7.361,2.70200680808594,1.31807026111731,17.216707939626428,0.401,0.663,9.613663120202672,3.77,41.59999847412109,8.53092941602813,0.0,4.4,89.05,0.757
133,19783760501.7,6.58217440250398,2.78,7.361,2.70200680808594,1.31807026111731,17.216707939626428,0.401,0.663,9.613663120202672,3.77,41.59999847412109,8.53092941602813,0.0,4.4,89.05,0.757
134,19783760501.7,6.58217440250398,2.78,7.361,2.70200680808594,1.31807026111731,17.216707939626428,0.401,0.663,9.613663120202672,3.77,41.59999847412109,8.53092941602813,0.0,4.4,89.05,0.757
135,19783760501.7,6.58217440250398,2.78,7.361,2.70200680808594,1.31807026111731,17.216707939626428,0.401,0.663,9.613663120202672,3.77,41.59999847412109,8.53092941602813,0.0,4.4,89.05,0.757
136,49846045120.1,10.370490343517,13.0500001907349,5.823,4.17972714878233,1.72314742829085,21.085127307572442,0.17,0.64,8.178358165605836,3.3,99.3,9.185227671161108,0.0,3.5,0.0,0.0
137,49846045120.1,10.370490343517,13.0500001907349,5.823,4.17972714878233,1.72314742829085,21.085127307572442,0.17,0.64,8.178358165605836,3.3,99.3,9.185227671161108,0.0,3.5,0.0,0.0
138,49846045120.1,10.370490343517,13.0500001907349,5.823,4.17972714878233,1.72314742829085,21.085127307572442,0.17,0.64,8.178358165605836,3.3,99.3,9.185227671161108,0.0,3.5,0.0,0.0
139,49846045120.1,10.370490343517,13.0500001907349,5.823,4.17972714878233,1.72314742829085,21.085127307572442,0.17,0.64,8.178358165605836,3.3,99.3,9.185227671161108,0.0,3.5,0.0,0.0
140,49846045120.1,10.370490343517,13.0500001907349,5.823,4.17972714878233,1.72314742829085,21.085127307572442,0.17,0.64,8.178358165605836,3.3,99.3,9.185227671161108,0.0,3.5,0.0,0.0
141,49846045120.1,10.370490343517,13.0500001907349,5.823,4.17972714878233,1.72314742829085,21.085127307572442,0.17,0.64,8.178358165605836,3.3,99.3,9.185227671161108,0.0,3.5,0.0,0.0
142,49846045120.1,10.370490343517,13.0500001907349,5.823,4.17972714878233,1.72314742829085,21.085127307572442,0.17,0.64,8.178358165605836,3.3,99.3,9.185227671161108,0.0,3.5,0.0,0.0
143,25545333951.3,3.29029062798326,2.77999997138977,6.179,3.86177668506443,1.02622383527583,0.0,0.307,0.394,7.876638460975463,4.8,39.900001525878906,8.727454116899434,0.0,0.0,95.376,0.709
144,478825585025.1,4.90697344127254,5.44,6.67,1.77710098653222,2.45745060051391,21.860136837731613,0.451,0.475,13.577369634923492,2.29,88.0,11.816154371663933,0.0,4.2,85.583,0.834
145,478825585025.1,4.90697344127254,5.44,6.67,1.77710098653222,2.45745060051391,21.860136837731613,0.451,0.475,13.577369634923492,2.29,88.0,11.816154371663933,0.0,4.2,85.583,0.834
146,478825585025.1,4.90697344127254,5.44,6.67,1.77710098653222,2.45745060051391,21.860136837731613,0.451,0.475,13.577369634923492,2.29,88.0,11.816154371663933,0.0,4.2,85.583,0.834
147,478825585025.1,4.90697344127254,5.44,6.67,1.77710098653222,2.45745060051391,21.860136837731613,0.451,0.475,13.577369634923492,2.29,88.0,11.816154371663933,0.0,4.2,85.583,0.834
148,7568865790.1,4.71,4.45,9.38,13.773919343082,0.708059012807746,0.0,0.35,0.82,7.001245622069476,5.8,19.1,9.103979355984773,0.0,6.7,0.0,0.0
149,7568865790.1,4.71,4.45,9.38,13.773919343082,0.708059012807746,0.0,0.35,0.82,7.001245622069476,5.8,19.1,9.103979355984773,0.0,6.7,0.0,0.0
150,7568865790.1,4.71,4.45,9.38,13.773919343082,0.708059012807746,0.0,0.35,0.82,7.001245622069476,5.8,19.1,9.103979355984773,0.0,6.7,0.0,0.0
151,827502134.8,-2.68178423511595,4.69,17.668,6.54826042356251,2.25258646172037,0.0,0.118,0.155,6.967155622263585,7.09,2.5,6.724950805602736,1.0,3.9,89.143,1.01
152,827502134.8,-2.68178423511595,4.69,17.668,6.54826042356251,2.25258646172037,0.0,0.118,0.155,6.967155622263585,7.09,2.5,6.724950805602736,1.0,3.9,89.143,1.01
153,827502134.8,-2.68178423511595,4.69,17.668,6.54826042356251,2.25258646172037,0.0,0.118,0.155,6.967155622263585,7.09,2.5,6.724950805602736,1.0,3.9,89.143,1.01
154,827502134.8,-2.68178423511595,4.69,17.668,6.54826042356251,2.25258646172037,0.0,0.118,0.155,6.967155622263585,7.09,2.5,6.724950805602736,1.0,3.9,89.143,1.01
155,41553573897.7,5.5135257269299,4.34999990463257,5.632,0.586126104470663,1.37232148233046,19.911335120396497,0.124,0.896,11.006297568406492,2.09,75.91999816894531,9.746287277416434,0.0,3.8,98.625,2.353
156,41553573897.7,5.5135257269299,4.34999990463257,5.632,0.586126104470663,1.37232148233046,19.911335120396497,0.124,0.896,11.006297568406492,2.09,75.91999816894531,9.746287277416434,0.0,3.8,98.625,2.353
157,64454510032.8,1.85460421340917,8.81,4.221,0.0022910357665535,4.67817522836761,15.60727002719233,0.319,0.714,8.949580619590447,2.09,99.4823226928711,6.524470850713444,0.0,7.9,76.778,0.695
158,64454510032.8,1.85460421340917,8.81,4.221,0.0022910357665535,4.67817522836761,15.60727002719233,0.319,0.714,8.949580619590447,2.09,99.4823226928711,6.524470850713444,0.0,7.9,76.778,0.695
159,64454510032.8,1.85460421340917,8.81,4.221,0.0022910357665535,4.67817522836761,15.60727002719233,0.319,0.714,8.949580619590447,2.09,99.4823226928711,6.524470850713444,0.0,7.9,76.778,0.695
160,174684281.4,0.0,4.83,13.265,0.599385261340545,0.0,0.0,0.1,0.713,4.721102621450857,6.53,0.0,3.8176244100044987,1.0,5.8,67.0,0.853
161,83471522909.2,8.97123250273256,5.44,10.691,3.37371904131259,3.14621461029962,21.72426529674752,0.56,0.401,11.996799953753156,4.04,41.0,11.41216676691141,0.0,0.15,95.5,1.009
162,83471522909.2,8.97123250273256,5.44,10.691,3.37371904131259,3.14621461029962,21.72426529674752,0.56,0.401,11.996799953753156,4.04,41.0,11.41216676691141,0.0,0.15,95.5,1.009
163,83471522909.2,8.97123250273256,5.44,10.691,3.37371904131259,3.14621461029962,21.72426529674752,0.56,0.401,11.996799953753156,4.04,41.0,11.41216676691141,0.0,0.15,95.5,1.009
164,83471522909.2,8.97123250273256,5.44,10.691,3.37371904131259,3.14621461029962,21.72426529674752,0.56,0.401,11.996799953753156,4.04,41.0,11.41216676691141,0.0,0.15,95.5,1.009
165,83471522909.2,8.97123250273256,5.44,10.691,3.37371904131259,3.14621461029962,21.72426529674752,0.56,0.401,11.996799953753156,4.04,41.0,11.41216676691141,0.0,0.15,95.5,1.009
166,83471522909.2,8.97123250273256,5.44,10.691,3.37371904131259,3.14621461029962,21.72426529674752,0.56,0.401,11.996799953753156,4.04,41.0,11.41216676691141,0.0,0.15,95.5,1.009
167,83471522909.2,8.97123250273256,5.44,10.691,3.37371904131259,3.14621461029962,21.72426529674752,0.56,0.401,11.996799953753156,4.04,41.0,11.41216676691141,0.0,0.15,95.5,1.009
168,83471522909.2,8.97123250273256,5.44,10.691,3.37371904131259,3.14621461029962,21.72426529674752,0.56,0.401,11.996799953753156,4.04,41.0,11.41216676691141,0.0,0.15,95.5,1.009
169,83471522909.2,8.97123250273256,5.44,10.691,3.37371904131259,3.14621461029962,21.72426529674752,0.56,0.401,11.996799953753156,4.04,41.0,11.41216676691141,0.0,0.15,95.5,1.009
170,83471522909.2,8.97123250273256,5.44,10.691,3.37371904131259,3.14621461029962,21.72426529674752,0.56,0.401,11.996799953753156,4.04,41.0,11.41216676691141,0.0,0.15,95.5,1.009
171,83471522909.2,8.97123250273256,5.44,10.691,3.37371904131259,3.14621461029962,21.72426529674752,0.56,0.401,11.996799953753156,4.04,41.0,11.41216676691141,0.0,0.15,95.5,1.009
172,83471522909.2,8.97123250273256,5.44,10.691,3.37371904131259,3.14621461029962,21.72426529674752,0.56,0.401,11.996799953753156,4.04,41.0,11.41216676691141,0.0,0.15,95.5,1.009
173,83471522909.2,8.97123250273256,5.44,10.691,3.37371904131259,3.14621461029962,21.72426529674752,0.56,0.401,11.996799953753156,4.04,41.0,11.41216676691141,0.0,0.15,95.5,1.009
174,83471522909.2,8.97123250273256,5.44,10.691,3.37371904131259,3.14621461029962,21.72426529674752,0.56,0.401,11.996799953753156,4.04,41.0,11.41216676691141,0.0,0.15,95.5,1.009
175,83471522909.2,8.97123250273256,5.44,10.691,3.37371904131259,3.14621461029962,21.72426529674752,0.56,0.401,11.996799953753156,4.04,41.0,11.41216676691141,0.0,0.15,95.5,1.009
176,83471522909.2,8.97123250273256,5.44,10.691,3.37371904131259,3.14621461029962,21.72426529674752,0.56,0.401,11.996799953753156,4.04,41.0,11.41216676691141,0.0,0.15,95.5,1.009
177,83471522909.2,8.97123250273256,5.44,10.691,3.37371904131259,3.14621461029962,21.72426529674752,0.56,0.401,11.996799953753156,4.04,41.0,11.41216676691141,0.0,0.15,95.5,1.009
178,83471522909.2,8.97123250273256,5.44,10.691,3.37371904131259,3.14621461029962,21.72426529674752,0.56,0.401,11.996799953753156,4.04,41.0,11.41216676691141,0.0,0.15,95.5,1.009
179,83471522909.2,8.97123250273256,5.44,10.691,3.37371904131259,3.14621461029962,21.72426529674752,0.56,0.401,11.996799953753156,4.04,41.0,11.41216676691141,0.0,0.15,95.5,1.009
180,83471522909.2,8.97123250273256,5.44,10.691,3.37371904131259,3.14621461029962,21.72426529674752,0.56,0.401,11.996799953753156,4.04,41.0,11.41216676691141,0.0,0.15,95.5,1.009
181,83471522909.2,8.97123250273256,5.44,10.691,3.37371904131259,3.14621461029962,21.72426529674752,0.56,0.401,11.996799953753156,4.04,41.0,11.41216676691141,0.0,0.15,95.5,1.009
182,83471522909.2,8.97123250273256,5.44,10.691,3.37371904131259,3.14621461029962,21.72426529674752,0.56,0.401,11.996799953753156,4.04,41.0,11.41216676691141,0.0,0.15,95.5,1.009
183,83471522909.2,8.97123250273256,5.44,10.691,3.37371904131259,3.14621461029962,21.72426529674752,0.56,0.401,11.996799953753156,4.04,41.0,11.41216676691141,0.0,0.15,95.5,1.009
184,83471522909.2,8.97123250273256,5.44,10.691,3.37371904131259,3.14621461029962,21.72426529674752,0.56,0.401,11.996799953753156,4.04,41.0,11.41216676691141,0.0,0.15,95.5,1.009
185,83471522909.2,8.97123250273256,5.44,10.691,3.37371904131259,3.14621461029962,21.72426529674752,0.56,0.401,11.996799953753156,4.04,41.0,11.41216676691141,0.0,0.15,95.5,1.009
186,83471522909.2,8.97123250273256,5.44,10.691,3.37371904131259,3.14621461029962,21.72426529674752,0.56,0.401,11.996799953753156,4.04,41.0,11.41216676691141,0.0,0.15,95.5,1.009
187,83471522909.2,8.97123250273256,5.44,10.691,3.37371904131259,3.14621461029962,21.72426529674752,0.56,0.401,11.996799953753156,4.04,41.0,11.41216676691141,0.0,0.15,95.5,1.009
188,83471522909.2,8.97123250273256,5.44,10.691,3.37371904131259,3.14621461029962,21.72426529674752,0.56,0.401,11.996799953753156,4.04,41.0,11.41216676691141,0.0,0.15,95.5,1.009
189,83471522909.2,8.97123250273256,5.44,10.691,3.37371904131259,3.14621461029962,21.72426529674752,0.56,0.401,11.996799953753156,4.04,41.0,11.41216676691141,0.0,0.15,95.5,1.009
190,83471522909.2,8.97123250273256,5.44,10.691,3.37371904131259,3.14621461029962,21.72426529674752,0.56,0.401,11.996799953753156,4.04,41.0,11.41216676691141,0.0,0.15,95.5,1.009
191,83471522909.2,8.97123250273256,5.44,10.691,3.37371904131259,3.14621461029962,21.72426529674752,0.56,0.401,11.996799953753156,4.04,41.0,11.41216676691141,0.0,0.15,95.5,1.009
192,83471522909.2,8.97123250273256,5.44,10.691,3.37371904131259,3.14621461029962,21.72426529674752,0.56,0.401,11.996799953753156,4.04,41.0,11.41216676691141,0.0,0.15,95.5,1.009
193,83471522909.2,8.97123250273256,5.44,10.691,3.37371904131259,3.14621461029962,21.72426529674752,0.56,0.401,11.996799953753156,4.04,41.0,11.41216676691141,0.0,0.15,95.5,1.009
194,83471522909.2,8.97123250273256,5.44,10.691,3.37371904131259,3.14621461029962,21.72426529674752,0.56,0.401,11.996799953753156,4.04,41.0,11.41216676691141,0.0,0.15,95.5,1.009
195,83471522909.2,8.97123250273256,5.44,10.691,3.37371904131259,3.14621461029962,21.72426529674752,0.56,0.401,11.996799953753156,4.04,41.0,11.41216676691141,0.0,0.15,95.5,1.009
196,83471522909.2,8.97123250273256,5.44,10.691,3.37371904131259,3.14621461029962,21.72426529674752,0.56,0.401,11.996799953753156,4.04,41.0,11.41216676691141,0.0,0.15,95.5,1.009
197,83471522909.2,8.97123250273256,5.44,10.691,3.37371904131259,3.14621461029962,21.72426529674752,0.56,0.401,11.996799953753156,4.04,41.0,11.41216676691141,0.0,0.15,95.5,1.009
198,83471522909.2,8.97123250273256,5.44,10.691,3.37371904131259,3.14621461029962,21.72426529674752,0.56,0.401,11.996799953753156,4.04,41.0,11.41216676691141,0.0,0.15,95.5,1.009
199,83471522909.2,8.97123250273256,5.44,10.691,3.37371904131259,3.14621461029962,21.72426529674752,0.56,0.401,11.996799953753156,4.04,41.0,11.41216676691141,0.0,0.15,95.5,1.009
200,83471522909.2,8.97123250273256,5.44,10.691,3.37371904131259,3.14621461029962,21.72426529674752,0.56,0.401,11.996799953753156,4.04,41.0,11.41216676691141,0.0,0.15,95.5,1.009
201,83471522909.2,8.97123250273256,5.44,10.691,3.37371904131259,3.14621461029962,21.72426529674752,0.56,0.401,11.996799953753156,4.04,41.0,11.41216676691141,0.0,0.15,95.5,1.009
202,83471522909.2,8.97123250273256,5.44,10.691,3.37371904131259,3.14621461029962,21.72426529674752,0.56,0.401,11.996799953753156,4.04,41.0,11.41216676691141,0.0,0.15,95.5,1.009
203,83471522909.2,8.97123250273256,5.44,10.691,3.37371904131259,3.14621461029962,21.72426529674752,0.56,0.401,11.996799953753156,4.04,41.0,11.41216676691141,0.0,0.15,95.5,1.009
204,83471522909.2,8.97123250273256,5.44,10.691,3.37371904131259,3.14621461029962,21.72426529674752,0.56,0.401,11.996799953753156,4.04,41.0,11.41216676691141,0.0,0.15,95.5,1.009
205,83471522909.2,8.97123250273256,5.44,10.691,3.37371904131259,3.14621461029962,21.72426529674752,0.56,0.401,11.996799953753156,4.04,41.0,11.41216676691141,0.0,0.15,95.5,1.009
206,83471522909.2,8.97123250273256,5.44,10.691,3.37371904131259,3.14621461029962,21.72426529674752,0.56,0.401,11.996799953753156,4.04,41.0,11.41216676691141,0.0,0.15,95.5,1.009
207,83471522909.2,8.97123250273256,5.44,10.691,3.37371904131259,3.14621461029962,21.72426529674752,0.56,0.401,11.996799953753156,4.04,41.0,11.41216676691141,0.0,0.15,95.5,1.009
208,83471522909.2,8.97123250273256,5.44,10.691,3.37371904131259,3.14621461029962,21.72426529674752,0.56,0.401,11.996799953753156,4.04,41.0,11.41216676691141,0.0,0.15,95.5,1.009
209,83471522909.2,8.97123250273256,5.44,10.691,3.37371904131259,3.14621461029962,21.72426529674752,0.56,0.401,11.996799953753156,4.04,41.0,11.41216676691141,0.0,0.15,95.5,1.009
210,69848505848.5,7.81919144730541,2.53999996185303,8.111,12.2741695778987,1.41049291967411,19.12377825536548,0.055,0.946,11.184808003812089,3.12,48.0,9.85995308048931,0.0,0.45,91.0,0.706
211,69848505848.5,7.81919144730541,2.53999996185303,8.111,12.2741695778987,1.41049291967411,19.12377825536548,0.055,0.946,11.184808003812089,3.12,48.0,9.85995308048931,0.0,0.45,91.0,0.706
212,69848505848.5,7.81919144730541,2.53999996185303,8.111,12.2741695778987,1.41049291967411,19.12377825536548,0.055,0.946,11.184808003812089,3.12,48.0,9.85995308048931,0.0,0.45,91.0,0.706
213,69848505848.5,7.81919144730541,2.53999996185303,8.111,12.2741695778987,1.41049291967411,19.12377825536548,0.055,0.946,11.184808003812089,3.12,48.0,9.85995308048931,0.0,0.45,91.0,0.706
214,69848505848.5,7.81919144730541,2.53999996185303,8.111,12.2741695778987,1.41049291967411,19.12377825536548,0.055,0.946,11.184808003812089,3.12,48.0,9.85995308048931,0.0,0.45,91.0,0.706
215,69848505848.5,7.81919144730541,2.53999996185303,8.111,12.2741695778987,1.41049291967411,19.12377825536548,0.055,0.946,11.184808003812089,3.12,48.0,9.85995308048931,0.0,0.45,91.0,0.706
216,69848505848.5,7.81919144730541,2.53999996185303,8.111,12.2741695778987,1.41049291967411,19.12377825536548,0.055,0.946,11.184808003812089,3.12,48.0,9.85995308048931,0.0,0.45,91.0,0.706
217,69848505848.5,7.81919144730541,2.53999996185303,8.111,12.2741695778987,1.41049291967411,19.12377825536548,0.055,0.946,11.184808003812089,3.12,48.0,9.85995308048931,0.0,0.45,91.0,0.706
218,69848505848.5,7.81919144730541,2.53999996185303,8.111,12.2741695778987,1.41049291967411,19.12377825536548,0.055,0.946,11.184808003812089,3.12,48.0,9.85995308048931,0.0,0.45,91.0,0.706
219,0.0,0.205867258317722,16.3099994659424,5.783,0.141060947774201,2.0849104859335,14.508657738524219,0.078,0.773,7.480128204646699,3.12,0.0,5.535363823031238,1.0,10.0,79.333,0.229
220,0.0,0.0,0.0,10.7,3.96074006158538,4.79729611491512,19.435911423681425,0.033,0.392,9.715581250040206,2.22,0.0,7.812789291048544,0.0,3.5,99.636,0.479
221,0.0,0.205867258317722,16.3099994659424,5.783,0.141060947774201,2.0849104859335,14.508657738524219,0.078,0.773,7.480128204646699,3.12,0.0,5.535363823031238,1.0,10.0,79.333,0.229
222,2467995904.9,0.606339703737518,9.29,19.272,4.06910654546858,1.95649418287434,13.815510557964274,0.138,0.693,6.713970267139775,7.17,0.3,6.774707198115097,0.0,0.4,75.0,0.173
223,2467995904.9,0.606339703737518,9.29,19.272,4.06910654546858,1.95649418287434,13.815510557964274,0.138,0.693,6.713970267139775,7.17,0.3,6.774707198115097,0.0,0.4,75.0,0.173
224,2467995904.9,0.606339703737518,9.29,19.272,4.06910654546858,1.95649418287434,13.815510557964274,0.138,0.693,6.713970267139775,7.17,0.3,6.774707198115097,0.0,0.4,75.0,0.173
225,2467995904.9,0.606339703737518,9.29,19.272,4.06910654546858,1.95649418287434,13.815510557964274,0.138,0.693,6.713970267139775,7.17,0.3,6.774707198115097,0.0,0.4,75.0,0.173
226,2467995904.9,0.606339703737518,9.29,19.272,4.06910654546858,1.95649418287434,13.815510557964274,0.138,0.693,6.713970267139775,7.17,0.3,6.774707198115097,0.0,0.4,75.0,0.173
227,2467995904.9,0.606339703737518,9.29,19.272,4.06910654546858,1.95649418287434,13.815510557964274,0.138,0.693,6.713970267139775,7.17,0.3,6.774707198115097,0.0,0.4,75.0,0.173
228,2467995904.9,0.606339703737518,9.29,19.272,4.06910654546858,1.95649418287434,13.815510557964274,0.138,0.693,6.713970267139775,7.17,0.3,6.774707198115097,0.0,0.4,75.0,0.173
229,2467995904.9,0.606339703737518,9.29,19.272,4.06910654546858,1.95649418287434,13.815510557964274,0.138,0.693,6.713970267139775,7.17,0.3,6.774707198115097,0.0,0.4,75.0,0.173
230,5621339497.2,3.7,18.8299999237061,11.041,14.0533393002239,1.2,15.89495209964411,0.095,0.903,7.904965503272492,5.98,49.20000076293945,7.366013955503756,0.0,0.02,44.4,2.715
231,5621339497.2,3.7,18.8299999237061,11.041,14.0533393002239,1.2,15.89495209964411,0.095,0.903,7.904965503272492,5.98,49.20000076293945,7.366013955503756,0.0,0.02,44.4,2.715
232,5621339497.2,3.7,18.8299999237061,11.041,14.0533393002239,1.2,15.89495209964411,0.095,0.903,7.904965503272492,5.98,49.20000076293945,7.366013955503756,0.0,0.02,44.4,2.715
233,711728808.0,4.18576372649945,0.3,15.403,4.72572972693467,3.72916598371212,13.815510557964274,0.157,0.515,6.717105538941887,7.18,0.7,6.616949666688289,0.0,0.2,99.917,1.047
234,711728808.0,4.18576372649945,0.3,15.403,4.72572972693467,3.72916598371212,13.815510557964274,0.157,0.515,6.717105538941887,7.18,0.7,6.616949666688289,0.0,0.2,99.917,1.047
235,711728808.0,4.18576372649945,0.3,15.403,4.72572972693467,3.72916598371212,13.815510557964274,0.157,0.515,6.717105538941887,7.18,0.7,6.616949666688289,0.0,0.2,99.917,1.047
236,711728808.0,4.18576372649945,0.3,15.403,4.72572972693467,3.72916598371212,13.815510557964274,0.157,0.515,6.717105538941887,7.18,0.7,6.616949666688289,0.0,0.2,99.917,1.047
237,711728808.0,4.18576372649945,0.3,15.403,4.72572972693467,3.72916598371212,13.815510557964274,0.157,0.515,6.717105538941887,7.18,0.7,6.616949666688289,0.0,0.2,99.917,1.047
238,711728808.0,4.18576372649945,0.3,15.403,4.72572972693467,3.72916598371212,13.815510557964274,0.157,0.515,6.717105538941887,7.18,0.7,6.616949666688289,0.0,0.2,99.917,1.047
239,711728808.0,4.18576372649945,0.3,15.403,4.72572972693467,3.72916598371212,13.815510557964274,0.157,0.515,6.717105538941887,7.18,0.7,6.616949666688289,0.0,0.2,99.917,1.047
240,711728808.0,4.18576372649945,0.3,15.403,4.72572972693467,3.72916598371212,13.815510557964274,0.157,0.515,6.717105538941887,7.18,0.7,6.616949666688289,0.0,0.2,99.917,1.047
241,711728808.0,4.18576372649945,0.3,15.403,4.72572972693467,3.72916598371212,13.815510557964274,0.157,0.515,6.717105538941887,7.18,0.7,6.616949666688289,0.0,0.2,99.917,1.047
242,711728808.0,4.18576372649945,0.3,15.403,4.72572972693467,3.72916598371212,13.815510557964274,0.157,0.515,6.717105538941887,7.18,0.7,6.616949666688289,0.0,0.2,99.917,1.047
243,711728808.0,4.18576372649945,0.3,15.403,4.72572972693467,3.72916598371212,13.815510557964274,0.157,0.515,6.717105538941887,7.18,0.7,6.616949666688289,0.0,0.2,99.917,1.047
244,711728808.0,4.18576372649945,0.3,15.403,4.72572972693467,3.72916598371212,13.815510557964274,0.157,0.515,6.717105538941887,7.18,0.7,6.616949666688289,0.0,0.2,99.917,1.047
245,711728808.0,4.18576372649945,0.3,15.403,4.72572972693467,3.72916598371212,13.815510557964274,0.157,0.515,6.717105538941887,7.18,0.7,6.616949666688289,0.0,0.2,99.917,1.047
246,711728808.0,4.18576372649945,0.3,15.403,4.72572972693467,3.72916598371212,13.815510557964274,0.157,0.515,6.717105538941887,7.18,0.7,6.616949666688289,0.0,0.2,99.917,1.047
247,711728808.0,4.18576372649945,0.3,15.403,4.72572972693467,3.72916598371212,13.815510557964274,0.157,0.515,6.717105538941887,7.18,0.7,6.616949666688289,0.0,0.2,99.917,1.047
248,711728808.0,4.18576372649945,0.3,15.403,4.72572972693467,3.72916598371212,13.815510557964274,0.157,0.515,6.717105538941887,7.18,0.7,6.616949666688289,0.0,0.2,99.917,1.047
249,711728808.0,4.18576372649945,0.3,15.403,4.72572972693467,3.72916598371212,13.815510557964274,0.157,0.515,6.717105538941887,7.18,0.7,6.616949666688289,0.0,0.2,99.917,1.047
250,711728808.0,4.18576372649945,0.3,15.403,4.72572972693467,3.72916598371212,13.815510557964274,0.157,0.515,6.717105538941887,7.18,0.7,6.616949666688289,0.0,0.2,99.917,1.047
251,711728808.0,4.18576372649945,0.3,15.403,4.72572972693467,3.72916598371212,13.815510557964274,0.157,0.515,6.717105538941887,7.18,0.7,6.616949666688289,0.0,0.2,99.917,1.047
252,2593899557.8,6.95336159903071,7.69999980926514,8.119,22.9287530510801,1.4191337327407,15.201804919084164,0.406,0.623,7.079309913269361,4.8,0.0,6.188479705592497,1.0,4.3,87.571,0.48
253,2593899557.8,6.95336159903071,7.69999980926514,8.119,22.9287530510801,1.4191337327407,15.201804919084164,0.406,0.623,7.079309913269361,4.8,0.0,6.188479705592497,1.0,4.3,87.571,0.48
254,2593899557.8,6.95336159903071,7.69999980926514,8.119,22.9287530510801,1.4191337327407,15.201804919084164,0.406,0.623,7.079309913269361,4.8,0.0,6.188479705592497,1.0,4.3,87.571,0.48
255,2593899557.8,6.95336159903071,7.69999980926514,8.119,22.9287530510801,1.4191337327407,15.201804919084164,0.406,0.623,7.079309913269361,4.8,0.0,6.188479705592497,1.0,4.3,87.571,0.48
256,2593899557.8,6.95336159903071,7.69999980926514,8.119,22.9287530510801,1.4191337327407,15.201804919084164,0.406,0.623,7.079309913269361,4.8,0.0,6.188479705592497,1.0,4.3,87.571,0.48
257,2593899557.8,6.95336159903071,7.69999980926514,8.119,22.9287530510801,1.4191337327407,15.201804919084164,0.406,0.623,7.079309913269361,4.8,0.0,6.188479705592497,1.0,4.3,87.571,0.48
258,0.0,180.95,9.1,10.565,9.86052812386782,0.0,20.523594641817343,0.058,0.828,9.30883529328523,5.88,0.0,7.575583625916241,0.0,10.0,95.0,2.118
259,0.0,180.95,9.1,10.565,9.86052812386782,0.0,20.523594641817343,0.058,0.828,9.30883529328523,5.88,0.0,7.575583625916241,0.0,10.0,95.0,2.118
260,1542542790.1,36.0410583134242,0.0,21.405,7.62467780188436,1.23237199847542,0.0,0.417,0.553,6.867679880689546,7.73,4.571776390075684,6.887994310818204,0.0,3.3,81.0,0.797
261,3750339025.9,0.32509863018325,5.5,11.433,1.87469925795046,1.63346898573868,0.0,0.391,0.395,7.54474525021194,6.45,0.0,6.719592696563173,0.0,3.6,90.45,0.389
262,3750339025.9,0.32509863018325,5.5,11.433,1.87469925795046,1.63346898573868,0.0,0.391,0.395,7.54474525021194,6.45,0.0,6.719592696563173,0.0,3.6,90.45,0.389
263,3750339025.9,0.32509863018325,5.5,11.433,1.87469925795046,1.63346898573868,0.0,0.391,0.395,7.54474525021194,6.45,0.0,6.719592696563173,0.0,3.6,90.45,0.389
264,3750339025.9,0.32509863018325,5.5,11.433,1.87469925795046,1.63346898573868,0.0,0.391,0.395,7.54474525021194,6.45,0.0,6.719592696563173,0.0,3.6,90.45,0.389
265,3750339025.9,0.32509863018325,5.5,11.433,1.87469925795046,1.63346898573868,0.0,0.391,0.395,7.54474525021194,6.45,0.0,6.719592696563173,0.0,3.6,90.45,0.389
266,3750339025.9,0.32509863018325,5.5,11.433,1.87469925795046,1.63346898573868,0.0,0.391,0.395,7.54474525021194,6.45,0.0,6.719592696563173,0.0,3.6,90.45,0.389
267,3750339025.9,0.32509863018325,5.5,11.433,1.87469925795046,1.63346898573868,0.0,0.391,0.395,7.54474525021194,6.45,0.0,6.719592696563173,0.0,3.6,90.45,0.389
268,3750339025.9,0.32509863018325,5.5,11.433,1.87469925795046,1.63346898573868,0.0,0.391,0.395,7.54474525021194,6.45,0.0,6.719592696563173,0.0,3.6,90.45,0.389
269,3750339025.9,0.32509863018325,5.5,11.433,1.87469925795046,1.63346898573868,0.0,0.391,0.395,7.54474525021194,6.45,0.0,6.719592696563173,0.0,3.6,90.45,0.389
270,3750339025.9,0.32509863018325,5.5,11.433,1.87469925795046,1.63346898573868,0.0,0.391,0.395,7.54474525021194,6.45,0.0,6.719592696563173,0.0,3.6,90.45,0.389
271,0.0,0.0,11.05,11.713,1.2,2.5,0.0,0.032,0.782,7.505411413382425,7.39,4.074573993682861,7.773146744092818,0.0,5.8,85.0,1.988
272,4000000000.0,10.0,19.39,5.427,28.0147548499942,7.26,18.56910074907064,0.176,0.77,8.71204787937506,2.36,73.42857360839844,6.527080339681191,0.0,10.0,45.938,4.074
273,4000000000.0,10.0,19.39,5.427,28.0147548499942,7.26,18.56910074907064,0.176,0.77,8.71204787937506,2.36,73.42857360839844,6.527080339681191,0.0,10.0,45.938,4.074
274,4000000000.0,10.0,19.39,5.427,28.0147548499942,7.26,18.56910074907064,0.176,0.77,8.71204787937506,2.36,73.42857360839844,6.527080339681191,0.0,10.0,45.938,4.074
275,4000000000.0,10.0,19.39,5.427,28.0147548499942,7.26,18.56910074907064,0.176,0.77,8.71204787937506,2.36,73.42857360839844,6.527080339681191,0.0,10.0,45.938,4.074
276,4000000000.0,10.0,19.39,5.427,28.0147548499942,7.26,18.56910074907064,0.176,0.77,8.71204787937506,2.36,73.42857360839844,6.527080339681191,0.0,10.0,45.938,4.074
277,50873488639.5,65.978567991895,8.21000003814697,6.664,0.410738888367279,3.75436424807973,20.95040140953016,0.4,0.0,9.434043766548907,3.0,0.0,8.61830469278465,0.0,2.4,0.0,0.0
278,50873488639.5,65.978567991895,8.21000003814697,6.664,0.410738888367279,3.75436424807973,20.95040140953016,0.4,0.0,9.434043766548907,3.0,0.0,8.61830469278465,0.0,2.4,0.0,0.0
279,50873488639.5,65.978567991895,8.21000003814697,6.664,0.410738888367279,3.75436424807973,20.95040140953016,0.4,0.0,9.434043766548907,3.0,0.0,8.61830469278465,0.0,2.4,0.0,0.0
280,50873488639.5,65.978567991895,8.21000003814697,6.664,0.410738888367279,3.75436424807973,20.95040140953016,0.4,0.0,9.434043766548907,3.0,0.0,8.61830469278465,0.0,2.4,0.0,0.0
281,50873488639.5,65.978567991895,8.21000003814697,6.664,0.410738888367279,3.75436424807973,20.95040140953016,0.4,0.0,9.434043766548907,3.0,0.0,8.61830469278465,0.0,2.4,0.0,0.0
282,0.0,11.0644257703083,19.8700008392334,6.694,20.6105044648349,0.0,0.0,0.618,0.151,7.343569168478273,2.45,0.0,4.8706833336688105,0.0,5.0,98.5,0.616
283,204846570.0,6.8,29.36,11.816,0.583263427940053,6.65088450757308,13.815510557964274,0.082,0.745,5.013305060429806,5.99,0.0,4.102841692476047,0.0,3.0,82.6,1.752
284,204846570.0,6.8,29.36,11.816,0.583263427940053,6.65088450757308,13.815510557964274,0.082,0.745,5.013305060429806,5.99,0.0,4.102841692476047,0.0,3.0,82.6,1.752
285,204846570.0,6.8,29.36,11.816,0.583263427940053,6.65088450757308,13.815510557964274,0.082,0.745,5.013305060429806,5.99,0.0,4.102841692476047,0.0,3.0,82.6,1.752
286,204846570.0,6.8,29.36,11.816,0.583263427940053,6.65088450757308,13.815510557964274,0.082,0.745,5.013305060429806,5.99,0.0,4.102841692476047,0.0,3.0,82.6,1.752
287,204846570.0,6.8,29.36,11.816,0.583263427940053,6.65088450757308,13.815510557964274,0.082,0.745,5.013305060429806,5.99,0.0,4.102841692476047,0.0,3.0,82.6,1.752
288,28489965549.1,25.8863869348513,20.6000003814697,5.629,15.0741487676125,1.21083405924608,20.757667263663745,0.138,0.568,10.066044741302008,4.48,0.0,7.950833011110669,0.0,5.2,74.0,1.378
289,28489965549.1,25.8863869348513,20.6000003814697,5.629,15.0741487676125,1.21083405924608,20.757667263663745,0.138,0.568,10.066044741302008,4.48,0.0,7.950833011110669,0.0,5.2,74.0,1.378
290,28489965549.1,25.8863869348513,20.6000003814697,5.629,15.0741487676125,1.21083405924608,20.757667263663745,0.138,0.568,10.066044741302008,4.48,0.0,7.950833011110669,0.0,5.2,74.0,1.378
291,28489965549.1,25.8863869348513,20.6000003814697,5.629,15.0741487676125,1.21083405924608,20.757667263663745,0.138,0.568,10.066044741302008,4.48,0.0,7.950833011110669,0.0,5.2,74.0,1.378
292,28489965549.1,25.8863869348513,20.6000003814697,5.629,15.0741487676125,1.21083405924608,20.757667263663745,0.138,0.568,10.066044741302008,4.48,0.0,7.950833011110669,0.0,5.2,74.0,1.378
293,28489965549.1,25.8863869348513,20.6000003814697,5.629,15.0741487676125,1.21083405924608,20.757667263663745,0.138,0.568,10.066044741302008,4.48,0.0,7.950833011110669,0.0,5.2,74.0,1.378
294,28489965549.1,25.8863869348513,20.6000003814697,5.629,15.0741487676125,1.21083405924608,20.757667263663745,0.138,0.568,10.066044741302008,4.48,0.0,7.950833011110669,0.0,5.2,74.0,1.378
295,28489965549.1,25.8863869348513,20.6000003814697,5.629,15.0741487676125,1.21083405924608,20.757667263663745,0.138,0.568,10.066044741302008,4.48,0.0,7.950833011110669,0.0,5.2,74.0,1.378
296,28489965549.1,25.8863869348513,20.6000003814697,5.629,15.0741487676125,1.21083405924608,20.757667263663745,0.138,0.568,10.066044741302008,4.48,0.0,7.950833011110669,0.0,5.2,74.0,1.378
297,28489965549.1,25.8863869348513,20.6000003814697,5.629,15.0741487676125,1.21083405924608,20.757667263663745,0.138,0.568,10.066044741302008,4.48,0.0,7.950833011110669,0.0,5.2,74.0,1.378
298,28489965549.1,25.8863869348513,20.6000003814697,5.629,15.0741487676125,1.21083405924608,20.757667263663745,0.138,0.568,10.066044741302008,4.48,0.0,7.950833011110669,0.0,5.2,74.0,1.378
299,28489965549.1,25.8863869348513,20.6000003814697,5.629,15.0741487676125,1.21083405924608,20.757667263663745,0.138,0.568,10.066044741302008,4.48,0.0,7.950833011110669,0.0,5.2,74.0,1.378
300,28489965549.1,25.8863869348513,20.6000003814697,5.629,15.0741487676125,1.21083405924608,20.757667263663745,0.138,0.568,10.066044741302008,4.48,0.0,7.950833011110669,0.0,5.2,74.0,1.378
301,28489965549.1,25.8863869348513,20.6000003814697,5.629,15.0741487676125,1.21083405924608,20.757667263663745,0.138,0.568,10.066044741302008,4.48,0.0,7.950833011110669,0.0,5.2,74.0,1.378
302,28489965549.1,25.8863869348513,20.6000003814697,5.629,15.0741487676125,1.21083405924608,20.757667263663745,0.138,0.568,10.066044741302008,4.48,0.0,7.950833011110669,0.0,5.2,74.0,1.378
303,28489965549.1,25.8863869348513,20.6000003814697,5.629,15.0741487676125,1.21083405924608,20.757667263663745,0.138,0.568,10.066044741302008,4.48,0.0,7.950833011110669,0.0,5.2,74.0,1.378
304,28489965549.1,25.8863869348513,20.6000003814697,5.629,15.0741487676125,1.21083405924608,20.757667263663745,0.138,0.568,10.066044741302008,4.48,0.0,7.950833011110669,0.0,5.2,74.0,1.378
305,28489965549.1,25.8863869348513,20.6000003814697,5.629,15.0741487676125,1.21083405924608,20.757667263663745,0.138,0.568,10.066044741302008,4.48,0.0,7.950833011110669,0.0,5.2,74.0,1.378
306,28489965549.1,25.8863869348513,20.6000003814697,5.629,15.0741487676125,1.21083405924608,20.757667263663745,0.138,0.568,10.066044741302008,4.48,0.0,7.950833011110669,0.0,5.2,74.0,1.378
307,28489965549.1,25.8863869348513,20.6000003814697,5.629,15.0741487676125,1.21083405924608,20.757667263663745,0.138,0.568,10.066044741302008,4.48,0.0,7.950833011110669,0.0,5.2,74.0,1.378
308,28489965549.1,25.8863869348513,20.6000003814697,5.629,15.0741487676125,1.21083405924608,20.757667263663745,0.138,0.568,10.066044741302008,4.48,0.0,7.950833011110669,0.0,5.2,74.0,1.378
309,28489965549.1,25.8863869348513,20.6000003814697,5.629,15.0741487676125,1.21083405924608,20.757667263663745,0.138,0.568,10.066044741302008,4.48,0.0,7.950833011110669,0.0,5.2,74.0,1.378
310,28489965549.1,25.8863869348513,20.6000003814697,5.629,15.0741487676125,1.21083405924608,20.757667263663745,0.138,0.568,10.066044741302008,4.48,0.0,7.950833011110669,0.0,5.2,74.0,1.378
311,28489965549.1,25.8863869348513,20.6000003814697,5.629,15.0741487676125,1.21083405924608,20.757667263663745,0.138,0.568,10.066044741302008,4.48,0.0,7.950833011110669,0.0,5.2,74.0,1.378
312,28489965549.1,25.8863869348513,20.6000003814697,5.629,15.0741487676125,1.21083405924608,20.757667263663745,0.138,0.568,10.066044741302008,4.48,0.0,7.950833011110669,0.0,5.2,74.0,1.378
313,28489965549.1,25.8863869348513,20.6000003814697,5.629,15.0741487676125,1.21083405924608,20.757667263663745,0.138,0.568,10.066044741302008,4.48,0.0,7.950833011110669,0.0,5.2,74.0,1.378
314,28489965549.1,25.8863869348513,20.6000003814697,5.629,15.0741487676125,1.21083405924608,20.757667263663745,0.138,0.568,10.066044741302008,4.48,0.0,7.950833011110669,0.0,5.2,74.0,1.378
315,28489965549.1,25.8863869348513,20.6000003814697,5.629,15.0741487676125,1.21083405924608,20.757667263663745,0.138,0.568,10.066044741302008,4.48,0.0,7.950833011110669,0.0,5.2,74.0,1.378
316,28489965549.1,25.8863869348513,20.6000003814697,5.629,15.0741487676125,1.21083405924608,20.757667263663745,0.138,0.568,10.066044741302008,4.48,0.0,7.950833011110669,0.0,5.2,74.0,1.378
317,9000344458.8,83.7837837837838,4.21,20.475,28.9,7.1025,17.72753356339242,0.061,0.692,8.168818844859658,7.21,0.0,7.092675123966547,0.0,5.0,60.0,3.379
318,9000344458.8,83.7837837837838,4.21,20.475,28.9,7.1025,17.72753356339242,0.061,0.692,8.168818844859658,7.21,0.0,7.092675123966547,0.0,5.0,60.0,3.379
319,9000344458.8,83.7837837837838,4.21,20.475,28.9,7.1025,17.72753356339242,0.061,0.692,8.168818844859658,7.21,0.0,7.092675123966547,0.0,5.0,60.0,3.379
320,9000344458.8,83.7837837837838,4.21,20.475,28.9,7.1025,17.72753356339242,0.061,0.692,8.168818844859658,7.21,0.0,7.092675123966547,0.0,5.0,60.0,3.379
321,9000344458.8,83.7837837837838,4.21,20.475,28.9,7.1025,17.72753356339242,0.061,0.692,8.168818844859658,7.21,0.0,7.092675123966547,0.0,5.0,60.0,3.379
322,9000344458.8,83.7837837837838,4.21,20.475,28.9,7.1025,17.72753356339242,0.061,0.692,8.168818844859658,7.21,0.0,7.092675123966547,0.0,5.0,60.0,3.379
323,9000344458.8,83.7837837837838,4.21,20.475,28.9,7.1025,17.72753356339242,0.061,0.692,8.168818844859658,7.21,0.0,7.092675123966547,0.0,5.0,60.0,3.379
324,9000344458.8,83.7837837837838,4.21,20.475,28.9,7.1025,17.72753356339242,0.061,0.692,8.168818844859658,7.21,0.0,7.092675123966547,0.0,5.0,60.0,3.379
325,9000344458.8,83.7837837837838,4.21,20.475,28.9,7.1025,17.72753356339242,0.061,0.692,8.168818844859658,7.21,0.0,7.092675123966547,0.0,5.0,60.0,3.379
326,9000344458.8,83.7837837837838,4.21,20.475,28.9,7.1025,17.72753356339242,0.061,0.692,8.168818844859658,7.21,0.0,7.092675123966547,0.0,5.0,60.0,3.379
327,9000344458.8,83.7837837837838,4.21,20.475,28.9,7.1025,17.72753356339242,0.061,0.692,8.168818844859658,7.21,0.0,7.092675123966547,0.0,5.0,60.0,3.379
328,9000344458.8,83.7837837837838,4.21,20.475,28.9,7.1025,17.72753356339242,0.061,0.692,8.168818844859658,7.21,0.0,7.092675123966547,0.0,5.0,60.0,3.379
329,9000344458.8,83.7837837837838,4.21,20.475,28.9,7.1025,17.72753356339242,0.061,0.692,8.168818844859658,7.21,0.0,7.092675123966547,0.0,5.0,60.0,3.379
330,9000344458.8,83.7837837837838,4.21,20.475,28.9,7.1025,17.72753356339242,0.061,0.692,8.168818844859658,7.21,0.0,7.092675123966547,0.0,5.0,60.0,3.379
331,80643087.0,62.2,0.0,10.634,0.3,1.1,0.0,0.14,0.747,8.386278714536015,2.13,0.0,6.329667428156979,0.0,5.9,72.0,1.462
332,80643087.0,62.2,0.0,10.634,0.3,1.1,0.0,0.14,0.747,8.386278714536015,2.13,0.0,6.329667428156979,0.0,5.9,72.0,1.462
333,80643087.0,62.2,0.0,10.634,0.3,1.1,0.0,0.14,0.747,8.386278714536015,2.13,0.0,6.329667428156979,0.0,5.9,72.0,1.462
334,859316294.3,6.92390503711237,0.0,14.245,0.426111932553284,0.0891194089456869,0.0,0.069,0.861,7.134185423527153,5.55,0.0,6.555971212323262,1.0,4.0,84.2,1.754
335,859316294.3,6.92390503711237,0.0,14.245,0.426111932553284,0.0891194089456869,0.0,0.069,0.861,7.134185423527153,5.55,0.0,6.555971212323262,1.0,4.0,84.2,1.754
336,859316294.3,6.92390503711237,0.0,14.245,0.426111932553284,0.0891194089456869,0.0,0.069,0.861,7.134185423527153,5.55,0.0,6.555971212323262,1.0,4.0,84.2,1.754
337,1271189256.6,102.69,3.47,21.667,15.6144440324383,2.03645709213082,0.0,0.068,0.888,6.527193005268631,6.71,0.0,6.119774205175415,0.0,4.2,70.503,2.292
338,1271189256.6,102.69,3.47,21.667,15.6144440324383,2.03645709213082,0.0,0.068,0.888,6.527193005268631,6.71,0.0,6.119774205175415,0.0,4.2,70.503,2.292
339,1271189256.6,102.69,3.47,21.667,15.6144440324383,2.03645709213082,0.0,0.068,0.888,6.527193005268631,6.71,0.0,6.119774205175415,0.0,4.2,70.503,2.292
340,1271189256.6,102.69,3.47,21.667,15.6144440324383,2.03645709213082,0.0,0.068,0.888,6.527193005268631,6.71,0.0,6.119774205175415,0.0,4.2,70.503,2.292
341,1271189256.6,102.69,3.47,21.667,15.6144440324383,2.03645709213082,0.0,0.068,0.888,6.527193005268631,6.71,0.0,6.119774205175415,0.0,4.2,70.503,2.292
342,1271189256.6,102.69,3.47,21.667,15.6144440324383,2.03645709213082,0.0,0.068,0.888,6.527193005268631,6.71,0.0,6.119774205175415,0.0,4.2,70.503,2.292
343,1271189256.6,102.69,3.47,21.667,15.6144440324383,2.03645709213082,0.0,0.068,0.888,6.527193005268631,6.71,0.0,6.119774205175415,0.0,4.2,70.503,2.292
344,1271189256.6,102.69,3.47,21.667,15.6144440324383,2.03645709213082,0.0,0.068,0.888,6.527193005268631,6.71,0.0,6.119774205175415,0.0,4.2,70.503,2.292
345,1271189256.6,102.69,3.47,21.667,15.6144440324383,2.03645709213082,0.0,0.068,0.888,6.527193005268631,6.71,0.0,6.119774205175415,0.0,4.2,70.503,2.292
346,1271189256.6,102.69,3.47,21.667,15.6144440324383,2.03645709213082,0.0,0.068,0.888,6.527193005268631,6.71,0.0,6.119774205175415,0.0,4.2,70.503,2.292
347,1271189256.6,102.69,3.47,21.667,15.6144440324383,2.03645709213082,0.0,0.068,0.888,6.527193005268631,6.71,0.0,6.119774205175415,0.0,4.2,70.503,2.292
348,30651243858.9,12.0897922868977,10.9200000762939,7.453,10.5396296437759,3.09773699249923,20.94960427915714,0.21,0.68,8.732788324973118,4.1,0.0,8.722254235179681,0.0,5.6,0.0,0.0
349,30651243858.9,12.0897922868977,10.9200000762939,7.453,10.5396296437759,3.09773699249923,20.94960427915714,0.21,0.68,8.732788324973118,4.1,0.0,8.722254235179681,0.0,5.6,0.0,0.0
350,30651243858.9,12.0897922868977,10.9200000762939,7.453,10.5396296437759,3.09773699249923,20.94960427915714,0.21,0.68,8.732788324973118,4.1,0.0,8.722254235179681,0.0,5.6,0.0,0.0
351,30651243858.9,12.0897922868977,10.9200000762939,7.453,10.5396296437759,3.09773699249923,20.94960427915714,0.21,0.68,8.732788324973118,4.1,0.0,8.722254235179681,0.0,5.6,0.0,0.0
352,30651243858.9,12.0897922868977,10.9200000762939,7.453,10.5396296437759,3.09773699249923,20.94960427915714,0.21,0.68,8.732788324973118,4.1,0.0,8.722254235179681,0.0,5.6,0.0,0.0
353,30651243858.9,12.0897922868977,10.9200000762939,7.453,10.5396296437759,3.09773699249923,20.94960427915714,0.21,0.68,8.732788324973118,4.1,0.0,8.722254235179681,0.0,5.6,0.0,0.0
354,30651243858.9,12.0897922868977,10.9200000762939,7.453,10.5396296437759,3.09773699249923,20.94960427915714,0.21,0.68,8.732788324973118,4.1,0.0,8.722254235179681,0.0,5.6,0.0,0.0
355,30651243858.9,12.0897922868977,10.9200000762939,7.453,10.5396296437759,3.09773699249923,20.94960427915714,0.21,0.68,8.732788324973118,4.1,0.0,8.722254235179681,0.0,5.6,0.0,0.0
356,30651243858.9,12.0897922868977,10.9200000762939,7.453,10.5396296437759,3.09773699249923,20.94960427915714,0.21,0.68,8.732788324973118,4.1,0.0,8.722254235179681,0.0,5.6,0.0,0.0
357,16472055974.4,0.0,13.33,11.7,0.5,5.4,0.0,0.107,0.847,8.95112407744798,1.8,100.0,7.0247744674259485,0.0,2.3,93.6,0.814
358,16472055974.4,0.0,13.33,11.7,0.5,5.4,0.0,0.107,0.847,8.95112407744798,1.8,100.0,7.0247744674259485,0.0,2.3,93.6,0.814
359,16472055974.4,0.0,13.33,11.7,0.5,5.4,0.0,0.107,0.847,8.95112407744798,1.8,100.0,7.0247744674259485,0.0,2.3,93.6,0.814
360,511485756.0,83.5,0.109999999403954,6.3,38.2,0.011,0.0,0.111,0.699,8.67919145539124,2.87,0.0,6.660434294849665,0.0,8.7,98.333,0.557
361,511485756.0,83.5,0.109999999403954,6.3,38.2,0.011,0.0,0.111,0.699,8.67919145539124,2.87,0.0,6.660434294849665,0.0,8.7,98.333,0.557
362,511485756.0,83.5,0.109999999403954,6.3,38.2,0.011,0.0,0.111,0.699,8.67919145539124,2.87,0.0,6.660434294849665,0.0,8.7,98.333,0.557
363,511485756.0,83.5,0.109999999403954,6.3,38.2,0.011,0.0,0.111,0.699,8.67919145539124,2.87,0.0,6.660434294849665,0.0,8.7,98.333,0.557
364,511485756.0,83.5,0.109999999403954,6.3,38.2,0.011,0.0,0.111,0.699,8.67919145539124,2.87,0.0,6.660434294849665,0.0,8.7,98.333,0.557
365,511485756.0,83.5,0.109999999403954,6.3,38.2,0.011,0.0,0.111,0.699,8.67919145539124,2.87,0.0,6.660434294849665,0.0,8.7,98.333,0.557
366,511485756.0,83.5,0.109999999403954,6.3,38.2,0.011,0.0,0.111,0.699,8.67919145539124,2.87,0.0,6.660434294849665,0.0,8.7,98.333,0.557
367,511485756.0,83.5,0.109999999403954,6.3,38.2,0.011,0.0,0.111,0.699,8.67919145539124,2.87,0.0,6.660434294849665,0.0,8.7,98.333,0.557
368,511485756.0,83.5,0.109999999403954,6.3,38.2,0.011,0.0,0.111,0.699,8.67919145539124,2.87,0.0,6.660434294849665,0.0,8.7,98.333,0.557
369,511485756.0,83.5,0.109999999403954,6.3,38.2,0.011,0.0,0.111,0.699,8.67919145539124,2.87,0.0,6.660434294849665,0.0,8.7,98.333,0.557
370,511485756.0,83.5,0.109999999403954,6.3,38.2,0.011,0.0,0.111,0.699,8.67919145539124,2.87,0.0,6.660434294849665,0.0,8.7,98.333,0.557
371,511485756.0,83.5,0.109999999403954,6.3,38.2,0.011,0.0,0.111,0.699,8.67919145539124,2.87,0.0,6.660434294849665,0.0,8.7,98.333,0.557
372,511485756.0,83.5,0.109999999403954,6.3,38.2,0.011,0.0,0.111,0.699,8.67919145539124,2.87,0.0,6.660434294849665,0.0,8.7,98.333,0.557
373,511485756.0,83.5,0.109999999403954,6.3,38.2,0.011,0.0,0.111,0.699,8.67919145539124,2.87,0.0,6.660434294849665,0.0,8.7,98.333,0.557
374,9731000.0,574.0,0.400000005960464,12.63,0.505790084000398,0.0003657142857142,0.0,0.081,0.782,7.527915551069277,4.97,0.0,6.378575578264152,0.0,10.0,52.8,2.709
375,9731000.0,574.0,0.400000005960464,12.63,0.505790084000398,0.0003657142857142,0.0,0.081,0.782,7.527915551069277,4.97,0.0,6.378575578264152,0.0,10.0,52.8,2.709
376,9731000.0,574.0,0.400000005960464,12.63,0.505790084000398,0.0003657142857142,0.0,0.081,0.782,7.527915551069277,4.97,0.0,6.378575578264152,0.0,10.0,52.8,2.709
377,9731000.0,574.0,0.400000005960464,12.63,0.505790084000398,0.0003657142857142,0.0,0.081,0.782,7.527915551069277,4.97,0.0,6.378575578264152,0.0,10.0,52.8,2.709
378,9731000.0,574.0,0.400000005960464,12.63,0.505790084000398,0.0003657142857142,0.0,0.081,0.782,7.527915551069277,4.97,0.0,6.378575578264152,0.0,10.0,52.8,2.709
379,9731000.0,574.0,0.400000005960464,12.63,0.505790084000398,0.0003657142857142,0.0,0.081,0.782,7.527915551069277,4.97,0.0,6.378575578264152,0.0,10.0,52.8,2.709
380,9731000.0,574.0,0.400000005960464,12.63,0.505790084000398,0.0003657142857142,0.0,0.081,0.782,7.527915551069277,4.97,0.0,6.378575578264152,0.0,10.0,52.8,2.709
381,9731000.0,574.0,0.400000005960464,12.63,0.505790084000398,0.0003657142857142,0.0,0.081,0.782,7.527915551069277,4.97,0.0,6.378575578264152,0.0,10.0,52.8,2.709
382,9731000.0,574.0,0.400000005960464,12.63,0.505790084000398,0.0003657142857142,0.0,0.081,0.782,7.527915551069277,4.97,0.0,6.378575578264152,0.0,10.0,52.8,2.709
383,9731000.0,574.0,0.400000005960464,12.63,0.505790084000398,0.0003657142857142,0.0,0.081,0.782,7.527915551069277,4.97,0.0,6.378575578264152,0.0,10.0,52.8,2.709
384,0.0,0.0,18.3,19.114,0.2,0.0,0.0,0.103,0.45,6.79089556693129,1.73,100.0,6.044130523935762,0.0,9.7,47.2,3.191
385,0.0,0.0,18.3,19.114,0.2,0.0,0.0,0.103,0.45,6.79089556693129,1.73,100.0,6.044130523935762,0.0,9.7,47.2,3.191
386,0.0,0.0,18.3,19.114,0.2,0.0,0.0,0.103,0.45,6.79089556693129,1.73,100.0,6.044130523935762,0.0,9.7,47.2,3.191
387,0.0,0.0,18.3,19.114,0.2,0.0,0.0,0.103,0.45,6.79089556693129,1.73,100.0,6.044130523935762,0.0,9.7,47.2,3.191
388,2500000000.0,625.000000000001,11.01,11.3,0.7,7.60738644340829,17.111347423968603,0.169,0.603,8.551706495932986,1.48,100.0,6.174517086668923,0.0,8.1,76.0,0.906
389,2500000000.0,625.000000000001,11.01,11.3,0.7,7.60738644340829,17.111347423968603,0.169,0.603,8.551706495932986,1.48,100.0,6.174517086668923,0.0,8.1,76.0,0.906
390,2500000000.0,625.000000000001,11.01,11.3,0.7,7.60738644340829,17.111347423968603,0.169,0.603,8.551706495932986,1.48,100.0,6.174517086668923,0.0,8.1,76.0,0.906
391,79312483.0,62.2,0.0,10.975,0.3,1.1,0.0,0.099,0.896,7.8869618411429006,2.08,0.0,6.29592445619744,0.0,10.0,84.835,1.726
392,79312483.0,62.2,0.0,10.975,0.3,1.1,0.0,0.099,0.896,7.8869618411429006,2.08,0.0,6.29592445619744,0.0,10.0,84.835,1.726
393,79312483.0,62.2,0.0,10.975,0.3,1.1,0.0,0.099,0.896,7.8869618411429006,2.08,0.0,6.29592445619744,0.0,10.0,84.835,1.726
394,79312483.0,62.2,0.0,10.975,0.3,1.1,0.0,0.099,0.896,7.8869618411429006,2.08,0.0,6.29592445619744,0.0,10.0,84.835,1.726
395,79312483.0,62.2,0.0,10.975,0.3,1.1,0.0,0.099,0.896,7.8869618411429006,2.08,0.0,6.29592445619744,0.0,10.0,84.835,1.726
396,38504010.0,1026.82626424702,3.7,11.454,0.25,0.0,15.89495209964411,0.376,0.685,7.569883817252385,2.2,100.0,6.048858072196004,0.0,6.9,79.75,0.323
397,35540000.0,1128.00002429404,0.519999980926514,7.2,38.2291841118408,5.00046778569608,17.72753356339242,0.178,0.853,8.20894535255168,2.7,0.0,6.677824999841436,0.0,10.0,83.833,0.067
398,35540000.0,1128.00002429404,0.519999980926514,7.2,38.2291841118408,5.00046778569608,17.72753356339242,0.178,0.853,8.20894535255168,2.7,0.0,6.677824999841436,0.0,10.0,83.833,0.067
399,0.0,0.0,18.3,19.58,0.2,0.0,15.60727002719233,0.103,0.45,6.6926208190988445,1.72,100.0,6.008655924920559,0.0,9.7,47.2,3.191
400,0.0,0.0,18.3,19.58,0.2,0.0,15.60727002719233,0.103,0.45,6.6926208190988445,1.72,100.0,6.008655924920559,0.0,9.7,47.2,3.191
401,0.0,0.0,18.3,19.58,0.2,0.0,15.60727002719233,0.103,0.45,6.6926208190988445,1.72,100.0,6.008655924920559,0.0,9.7,47.2,3.191
402,0.0,0.0,18.3,19.114,0.2,0.0,0.0,0.103,0.45,6.79089556693129,1.73,100.0,6.044130523935762,0.0,9.7,47.2,3.191
403,0.0,0.0,18.3,19.114,0.2,0.0,0.0,0.103,0.45,6.79089556693129,1.73,100.0,6.044130523935762,0.0,9.7,47.2,3.191
404,0.0,0.0,18.3,19.114,0.2,0.0,0.0,0.103,0.45,6.79089556693129,1.73,100.0,6.044130523935762,0.0,9.7,47.2,3.191
405,20663375831.9,9.0521315527978,1.97000002861023,10.731,1.87404395446618,6.52232023523122,20.281655282201893,0.2,0.807,10.37464479736146,6.16,0.0,9.36590333976943,0.0,2.6,86.714,0.427
406,20663375831.9,9.0521315527978,1.97000002861023,10.731,1.87404395446618,6.52232023523122,20.281655282201893,0.2,0.807,10.37464479736146,6.16,0.0,9.36590333976943,0.0,2.6,86.714,0.427
407,20663375831.9,9.0521315527978,1.97000002861023,10.731,1.87404395446618,6.52232023523122,20.281655282201893,0.2,0.807,10.37464479736146,6.16,0.0,9.36590333976943,0.0,2.6,86.714,0.427
408,20663375831.9,9.0521315527978,1.97000002861023,10.731,1.87404395446618,6.52232023523122,20.281655282201893,0.2,0.807,10.37464479736146,6.16,0.0,9.36590333976943,0.0,2.6,86.714,0.427
409,20663375831.9,9.0521315527978,1.97000002861023,10.731,1.87404395446618,6.52232023523122,20.281655282201893,0.2,0.807,10.37464479736146,6.16,0.0,9.36590333976943,0.0,2.6,86.714,0.427
410,20663375831.9,9.0521315527978,1.97000002861023,10.731,1.87404395446618,6.52232023523122,20.281655282201893,0.2,0.807,10.37464479736146,6.16,0.0,9.36590333976943,0.0,2.6,86.714,0.427
411,20663375831.9,9.0521315527978,1.97000002861023,10.731,1.87404395446618,6.52232023523122,20.281655282201893,0.2,0.807,10.37464479736146,6.16,0.0,9.36590333976943,0.0,2.6,86.714,0.427
412,20663375831.9,9.0521315527978,1.97000002861023,10.731,1.87404395446618,6.52232023523122,20.281655282201893,0.2,0.807,10.37464479736146,6.16,0.0,9.36590333976943,0.0,2.6,86.714,0.427
413,20663375831.9,9.0521315527978,1.97000002861023,10.731,1.87404395446618,6.52232023523122,20.281655282201893,0.2,0.807,10.37464479736146,6.16,0.0,9.36590333976943,0.0,2.6,86.714,0.427
414,20663375831.9,9.0521315527978,1.97000002861023,10.731,1.87404395446618,6.52232023523122,20.281655282201893,0.2,0.807,10.37464479736146,6.16,0.0,9.36590333976943,0.0,2.6,86.714,0.427
415,20663375831.9,9.0521315527978,1.97000002861023,10.731,1.87404395446618,6.52232023523122,20.281655282201893,0.2,0.807,10.37464479736146,6.16,0.0,9.36590333976943,0.0,2.6,86.714,0.427
416,20663375831.9,9.0521315527978,1.97000002861023,10.731,1.87404395446618,6.52232023523122,20.281655282201893,0.2,0.807,10.37464479736146,6.16,0.0,9.36590333976943,0.0,2.6,86.714,0.427
417,20663375831.9,9.0521315527978,1.97000002861023,10.731,1.87404395446618,6.52232023523122,20.281655282201893,0.2,0.807,10.37464479736146,6.16,0.0,9.36590333976943,0.0,2.6,86.714,0.427
418,20663375831.9,9.0521315527978,1.97000002861023,10.731,1.87404395446618,6.52232023523122,20.281655282201893,0.2,0.807,10.37464479736146,6.16,0.0,9.36590333976943,0.0,2.6,86.714,0.427
419,20663375831.9,9.0521315527978,1.97000002861023,10.731,1.87404395446618,6.52232023523122,20.281655282201893,0.2,0.807,10.37464479736146,6.16,0.0,9.36590333976943,0.0,2.6,86.714,0.427
420,20663375831.9,9.0521315527978,1.97000002861023,10.731,1.87404395446618,6.52232023523122,20.281655282201893,0.2,0.807,10.37464479736146,6.16,0.0,9.36590333976943,0.0,2.6,86.714,0.427
421,20663375831.9,9.0521315527978,1.97000002861023,10.731,1.87404395446618,6.52232023523122,20.281655282201893,0.2,0.807,10.37464479736146,6.16,0.0,9.36590333976943,0.0,2.6,86.714,0.427
422,20663375831.9,9.0521315527978,1.97000002861023,10.731,1.87404395446618,6.52232023523122,20.281655282201893,0.2,0.807,10.37464479736146,6.16,0.0,9.36590333976943,0.0,2.6,86.714,0.427
423,20663375831.9,9.0521315527978,1.97000002861023,10.731,1.87404395446618,6.52232023523122,20.281655282201893,0.2,0.807,10.37464479736146,6.16,0.0,9.36590333976943,0.0,2.6,86.714,0.427
424,139914928842.7,6.96581237191123,4.44000005722046,5.403,2.08486369482144,0.51883032705709,18.705859686186027,0.266,0.679,11.671270638453707,3.1,95.23829650878906,9.183134320843886,0.0,3.1,94.8,0.06
425,139914928842.7,6.96581237191123,4.44000005722046,5.403,2.08486369482144,0.51883032705709,18.705859686186027,0.266,0.679,11.671270638453707,3.1,95.23829650878906,9.183134320843886,0.0,3.1,94.8,0.06
426,6153597464.7,49.3941553813254,8.34000015258789,10.104,38.4166355267485,8.3987590412286,15.201804919084164,0.32,0.0,5.673323267171493,7.8,42.0,7.349230824613334,0.0,4.1,0.0,0.0
427,4671396332.7,4.78444700693894,11.210000038147,4.437,15.8771470438373,6.27024285623508,20.615680626266474,0.175,0.654,10.8323385331954,3.04,99.18666076660156,8.337818169322103,0.0,0.0,95.3,0.589
428,17000779726.1,22.8861330326945,6.69999980926514,5.33,7.53771372715392,2.34132011021456,17.399029496420383,0.46,0.639,8.987544885080524,3.4,89.83016967773438,7.096309041840056,0.0,4.4,99.75,1.465
429,11074529701.3,3.924063727498,8.0600004196167,13.756,9.46180396652127,1.22483788338251,15.201804919084164,0.153,0.932,8.071819421572421,5.89,37.2933235168457,7.322831386449657,0.0,4.8,97.667,1.194
430,1603602191.8,10.5632886691814,0.0,20.523,9.73221390267656,0.970976253298153,0.0,0.411,0.553,6.886204724951693,7.72,6.199999809265137,6.924517996312809,0.0,3.4,81.0,0.797
431,222230696.3,0.0,4.83,10.819,1.76066086458457,0.0,0.0,0.229,0.765,4.830311739964974,5.64,32.762413024902344,4.018255141114846,0.0,6.1,67.0,0.937
432,5092940382.6,4.92366412213743,20.7,12.006,29.7935313875131,4.0778742436201,0.0,0.47,0.0,7.048386408721883,5.2,11.3,5.556828061699537,0.0,9.1,0.0,0.0
433,5092940382.6,4.92366412213743,20.7,12.006,29.7935313875131,4.0778742436201,0.0,0.47,0.0,7.048386408721883,5.2,11.3,5.556828061699537,0.0,9.1,0.0,0.0
434,5092940382.6,4.92366412213743,20.7,12.006,29.7935313875131,4.0778742436201,0.0,0.47,0.0,7.048386408721883,5.2,11.3,5.556828061699537,0.0,9.1,0.0,0.0
435,5092940382.6,4.92366412213743,20.7,12.006,29.7935313875131,4.0778742436201,0.0,0.47,0.0,7.048386408721883,5.2,11.3,5.556828061699537,0.0,9.1,0.0,0.0
436,5092940382.6,4.92366412213743,20.7,12.006,29.7935313875131,4.0778742436201,0.0,0.47,0.0,7.048386408721883,5.2,11.3,5.556828061699537,0.0,9.1,0.0,0.0
437,5092940382.6,4.92366412213743,20.7,12.006,29.7935313875131,4.0778742436201,0.0,0.47,0.0,7.048386408721883,5.2,11.3,5.556828061699537,0.0,9.1,0.0,0.0
438,834810718.1,3.8348606023736,5.69,17.245,10.8804358921719,1.0,0.0,0.22,0.746,5.98298620734416,5.48,5.7360520362854,6.006668380850255,1.0,4.2,84.4,1.304
439,834810718.1,3.8348606023736,5.69,17.245,10.8804358921719,1.0,0.0,0.22,0.746,5.98298620734416,5.48,5.7360520362854,6.006668380850255,1.0,4.2,84.4,1.304
440,834810718.1,3.8348606023736,5.69,17.245,10.8804358921719,1.0,0.0,0.22,0.746,5.98298620734416,5.48,5.7360520362854,6.006668380850255,1.0,4.2,84.4,1.304
441,834810718.1,3.8348606023736,5.69,17.245,10.8804358921719,1.0,0.0,0.22,0.746,5.98298620734416,5.48,5.7360520362854,6.006668380850255,1.0,4.2,84.4,1.304
442,834810718.1,3.8348606023736,5.69,17.245,10.8804358921719,1.0,0.0,0.22,0.746,5.98298620734416,5.48,5.7360520362854,6.006668380850255,1.0,4.2,84.4,1.304
443,834810718.1,3.8348606023736,5.69,17.245,10.8804358921719,1.0,0.0,0.22,0.746,5.98298620734416,5.48,5.7360520362854,6.006668380850255,1.0,4.2,84.4,1.304
444,834810718.1,3.8348606023736,5.69,17.245,10.8804358921719,1.0,0.0,0.22,0.746,5.98298620734416,5.48,5.7360520362854,6.006668380850255,1.0,4.2,84.4,1.304
445,834810718.1,3.8348606023736,5.69,17.245,10.8804358921719,1.0,0.0,0.22,0.746,5.98298620734416,5.48,5.7360520362854,6.006668380850255,1.0,4.2,84.4,1.304
446,834810718.1,3.8348606023736,5.69,17.245,10.8804358921719,1.0,0.0,0.22,0.746,5.98298620734416,5.48,5.7360520362854,6.006668380850255,1.0,4.2,84.4,1.304
447,834810718.1,3.8348606023736,5.69,17.245,10.8804358921719,1.0,0.0,0.22,0.746,5.98298620734416,5.48,5.7360520362854,6.006668380850255,1.0,4.2,84.4,1.304
448,834810718.1,3.8348606023736,5.69,17.245,10.8804358921719,1.0,0.0,0.22,0.746,5.98298620734416,5.48,5.7360520362854,6.006668380850255,1.0,4.2,84.4,1.304
449,834810718.1,3.8348606023736,5.69,17.245,10.8804358921719,1.0,0.0,0.22,0.746,5.98298620734416,5.48,5.7360520362854,6.006668380850255,1.0,4.2,84.4,1.304
450,834810718.1,3.8348606023736,5.69,17.245,10.8804358921719,1.0,0.0,0.22,0.746,5.98298620734416,5.48,5.7360520362854,6.006668380850255,1.0,4.2,84.4,1.304
451,146136192.0,9.0,6.08,14.821,7.6497379405034,32.4970666110039,19.181486572986124,0.034,0.342,8.684667064878832,5.55,26.989694595336918,5.487763483284287,0.0,8.7,100.0,0.425
452,146136192.0,9.0,6.08,14.821,7.6497379405034,32.4970666110039,19.181486572986124,0.034,0.342,8.684667064878832,5.55,26.989694595336918,5.487763483284287,0.0,8.7,100.0,0.425
453,146136192.0,9.0,6.08,14.821,7.6497379405034,32.4970666110039,19.181486572986124,0.034,0.342,8.684667064878832,5.55,26.989694595336918,5.487763483284287,0.0,8.7,100.0,0.425
454,146136192.0,9.0,6.08,14.821,7.6497379405034,32.4970666110039,19.181486572986124,0.034,0.342,8.684667064878832,5.55,26.989694595336918,5.487763483284287,0.0,8.7,100.0,0.425
455,973399599.9,8.01375518965603,6.35,17.779,31.599837650802,1.4047619047619,0.0,0.216,0.844,5.19049827551354,6.01,0.0,4.814539303880461,1.0,2.7,93.833,0.739
456,973399599.9,8.01375518965603,6.35,17.779,31.599837650802,1.4047619047619,0.0,0.216,0.844,5.19049827551354,6.01,0.0,4.814539303880461,1.0,2.7,93.833,0.739
457,127656910096.1,12.0718562874252,9.27000045776367,14.7,3.80797964045621,2.24502052094788,13.815510557964274,0.211,0.822,10.739148906345989,1.5,100.0,8.476730507336255,1.0,10.0,75.694,2.957
458,73721064976.0,7.07428002942298,5.44,10.956,2.8962583886743,3.53417972767288,21.99862863735902,0.534,0.356,11.930707098982408,4.13,39.0,11.391742859820091,0.0,0.15,95.5,1.116
459,73721064976.0,7.07428002942298,5.44,10.956,2.8962583886743,3.53417972767288,21.99862863735902,0.534,0.356,11.930707098982408,4.13,39.0,11.391742859820091,0.0,0.15,95.5,1.116
460,73721064976.0,7.07428002942298,5.44,10.956,2.8962583886743,3.53417972767288,21.99862863735902,0.534,0.356,11.930707098982408,4.13,39.0,11.391742859820091,0.0,0.15,95.5,1.116
461,73721064976.0,7.07428002942298,5.44,10.956,2.8962583886743,3.53417972767288,21.99862863735902,0.534,0.356,11.930707098982408,4.13,39.0,11.391742859820091,0.0,0.15,95.5,1.116
462,73721064976.0,7.07428002942298,5.44,10.956,2.8962583886743,3.53417972767288,21.99862863735902,0.534,0.356,11.930707098982408,4.13,39.0,11.391742859820091,0.0,0.15,95.5,1.116
463,73721064976.0,7.07428002942298,5.44,10.956,2.8962583886743,3.53417972767288,21.99862863735902,0.534,0.356,11.930707098982408,4.13,39.0,11.391742859820091,0.0,0.15,95.5,1.116
464,73721064976.0,7.07428002942298,5.44,10.956,2.8962583886743,3.53417972767288,21.99862863735902,0.534,0.356,11.930707098982408,4.13,39.0,11.391742859820091,0.0,0.15,95.5,1.116
465,73721064976.0,7.07428002942298,5.44,10.956,2.8962583886743,3.53417972767288,21.99862863735902,0.534,0.356,11.930707098982408,4.13,39.0,11.391742859820091,0.0,0.15,95.5,1.116
466,73721064976.0,7.07428002942298,5.44,10.956,2.8962583886743,3.53417972767288,21.99862863735902,0.534,0.356,11.930707098982408,4.13,39.0,11.391742859820091,0.0,0.15,95.5,1.116
467,73721064976.0,7.07428002942298,5.44,10.956,2.8962583886743,3.53417972767288,21.99862863735902,0.534,0.356,11.930707098982408,4.13,39.0,11.391742859820091,0.0,0.15,95.5,1.116
468,73721064976.0,7.07428002942298,5.44,10.956,2.8962583886743,3.53417972767288,21.99862863735902,0.534,0.356,11.930707098982408,4.13,39.0,11.391742859820091,0.0,0.15,95.5,1.116
469,73721064976.0,7.07428002942298,5.44,10.956,2.8962583886743,3.53417972767288,21.99862863735902,0.534,0.356,11.930707098982408,4.13,39.0,11.391742859820091,0.0,0.15,95.5,1.116
470,73721064976.0,7.07428002942298,5.44,10.956,2.8962583886743,3.53417972767288,21.99862863735902,0.534,0.356,11.930707098982408,4.13,39.0,11.391742859820091,0.0,0.15,95.5,1.116
471,5310161203.5,29.1,13.3,5.4,4.51502971043611,1.63764997698082,0.0,0.036,0.837,9.31158156486198,2.72,99.5141143798828,7.862157262630996,0.0,3.5,97.167,0.029
472,5310161203.5,29.1,13.3,5.4,4.51502971043611,1.63764997698082,0.0,0.036,0.837,9.31158156486198,2.72,99.5141143798828,7.862157262630996,0.0,3.5,97.167,0.029
473,5310161203.5,29.1,13.3,5.4,4.51502971043611,1.63764997698082,0.0,0.036,0.837,9.31158156486198,2.72,99.5141143798828,7.862157262630996,0.0,3.5,97.167,0.029
474,1498004031.9,5.19888525744053,30.5200004577637,8.3,0.751452375480227,6.10039562766158,18.534009429259367,0.335,0.568,7.443582930879208,1.68,100.0,5.375125618234674,0.0,7.1,68.167,0.611
475,100000000000.0,2.82617111885402,4.73000001907349,8.5,0.902933229785222,3.12380980266703,20.02811665371579,0.83,0.12,10.822315064062254,2.0,100.0,10.259307130753884,0.0,2.2,0.0,0.0
476,100000000000.0,2.82617111885402,4.73000001907349,8.5,0.902933229785222,3.12380980266703,20.02811665371579,0.83,0.12,10.822315064062254,2.0,100.0,10.259307130753884,0.0,2.2,0.0,0.0
477,100000000000.0,2.82617111885402,4.73000001907349,8.5,0.902933229785222,3.12380980266703,20.02811665371579,0.83,0.12,10.822315064062254,2.0,100.0,10.259307130753884,0.0,2.2,0.0,0.0
478,100000000000.0,2.82617111885402,4.73000001907349,8.5,0.902933229785222,3.12380980266703,20.02811665371579,0.83,0.12,10.822315064062254,2.0,100.0,10.259307130753884,0.0,2.2,0.0,0.0
479,100000000000.0,2.82617111885402,4.73000001907349,8.5,0.902933229785222,3.12380980266703,20.02811665371579,0.83,0.12,10.822315064062254,2.0,100.0,10.259307130753884,0.0,2.2,0.0,0.0
480,100000000000.0,2.82617111885402,4.73000001907349,8.5,0.902933229785222,3.12380980266703,20.02811665371579,0.83,0.12,10.822315064062254,2.0,100.0,10.259307130753884,0.0,2.2,0.0,0.0
481,100000000000.0,2.82617111885402,4.73000001907349,8.5,0.902933229785222,3.12380980266703,20.02811665371579,0.83,0.12,10.822315064062254,2.0,100.0,10.259307130753884,0.0,2.2,0.0,0.0
482,100000000000.0,2.82617111885402,4.73000001907349,8.5,0.902933229785222,3.12380980266703,20.02811665371579,0.83,0.12,10.822315064062254,2.0,100.0,10.259307130753884,0.0,2.2,0.0,0.0
483,100000000000.0,2.82617111885402,4.73000001907349,8.5,0.902933229785222,3.12380980266703,20.02811665371579,0.83,0.12,10.822315064062254,2.0,100.0,10.259307130753884,0.0,2.2,0.0,0.0
484,100000000000.0,2.82617111885402,4.73000001907349,8.5,0.902933229785222,3.12380980266703,20.02811665371579,0.83,0.12,10.822315064062254,2.0,100.0,10.259307130753884,0.0,2.2,0.0,0.0
485,100000000000.0,2.82617111885402,4.73000001907349,8.5,0.902933229785222,3.12380980266703,20.02811665371579,0.83,0.12,10.822315064062254,2.0,100.0,10.259307130753884,0.0,2.2,0.0,0.0
486,100000000000.0,2.82617111885402,4.73000001907349,8.5,0.902933229785222,3.12380980266703,20.02811665371579,0.83,0.12,10.822315064062254,2.0,100.0,10.259307130753884,0.0,2.2,0.0,0.0
487,100000000000.0,2.82617111885402,4.73000001907349,8.5,0.902933229785222,3.12380980266703,20.02811665371579,0.83,0.12,10.822315064062254,2.0,100.0,10.259307130753884,0.0,2.2,0.0,0.0
488,100000000000.0,2.82617111885402,4.73000001907349,8.5,0.902933229785222,3.12380980266703,20.02811665371579,0.83,0.12,10.822315064062254,2.0,100.0,10.259307130753884,0.0,2.2,0.0,0.0
489,100000000000.0,2.82617111885402,4.73000001907349,8.5,0.902933229785222,3.12380980266703,20.02811665371579,0.83,0.12,10.822315064062254,2.0,100.0,10.259307130753884,0.0,2.2,0.0,0.0
490,100000000000.0,2.82617111885402,4.73000001907349,8.5,0.902933229785222,3.12380980266703,20.02811665371579,0.83,0.12,10.822315064062254,2.0,100.0,10.259307130753884,0.0,2.2,0.0,0.0
491,100000000000.0,2.82617111885402,4.73000001907349,8.5,0.902933229785222,3.12380980266703,20.02811665371579,0.83,0.12,10.822315064062254,2.0,100.0,10.259307130753884,0.0,2.2,0.0,0.0
492,100000000000.0,2.82617111885402,4.73000001907349,8.5,0.902933229785222,3.12380980266703,20.02811665371579,0.83,0.12,10.822315064062254,2.0,100.0,10.259307130753884,0.0,2.2,0.0,0.0
493,533416000000.0,2.73259596616783,5.92999982833862,6.6,2.16291887982159,1.84628968871455,20.501371505032633,0.843,0.032,11.367403280710475,1.75,100.0,7.656640337120203,0.0,3.7,99.154,1.398
494,5894669147.3,29.6972325791529,0.76,10.296,0.519328176346853,2.31372237705347,19.25792826848607,0.1,0.0,6.637258031284457,3.0,0.0,8.388677769180811,0.0,5.2,0.0,0.0
495,58452984709.5,1.80434994635721,1.53999996185303,6.23,1.9380878593854,1.24212796855366,18.690707881165427,0.404,0.697,11.14766815480221,1.59,91.70382690429688,8.823055988355343,0.0,10.0,94.0,1.773
496,58452984709.5,1.80434994635721,1.53999996185303,6.23,1.9380878593854,1.24212796855366,18.690707881165427,0.404,0.697,11.14766815480221,1.59,91.70382690429688,8.823055988355343,0.0,10.0,94.0,1.773
497,58452984709.5,1.80434994635721,1.53999996185303,6.23,1.9380878593854,1.24212796855366,18.690707881165427,0.404,0.697,11.14766815480221,1.59,91.70382690429688,8.823055988355343,0.0,10.0,94.0,1.773
498,58452984709.5,1.80434994635721,1.53999996185303,6.23,1.9380878593854,1.24212796855366,18.690707881165427,0.404,0.697,11.14766815480221,1.59,91.70382690429688,8.823055988355343,0.0,10.0,94.0,1.773
499,58452984709.5,1.80434994635721,1.53999996185303,6.23,1.9380878593854,1.24212796855366,18.690707881165427,0.404,0.697,11.14766815480221,1.59,91.70382690429688,8.823055988355343,0.0,10.0,94.0,1.773
500,58452984709.5,1.80434994635721,1.53999996185303,6.23,1.9380878593854,1.24212796855366,18.690707881165427,0.404,0.697,11.14766815480221,1.59,91.70382690429688,8.823055988355343,0.0,10.0,94.0,1.773
501,58452984709.5,1.80434994635721,1.53999996185303,6.23,1.9380878593854,1.24212796855366,18.690707881165427,0.404,0.697,11.14766815480221,1.59,91.70382690429688,8.823055988355343,0.0,10.0,94.0,1.773
502,58452984709.5,1.80434994635721,1.53999996185303,6.23,1.9380878593854,1.24212796855366,18.690707881165427,0.404,0.697,11.14766815480221,1.59,91.70382690429688,8.823055988355343,0.0,10.0,94.0,1.773
503,58452984709.5,1.80434994635721,1.53999996185303,6.23,1.9380878593854,1.24212796855366,18.690707881165427,0.404,0.697,11.14766815480221,1.59,91.70382690429688,8.823055988355343,0.0,10.0,94.0,1.773
504,58452984709.5,1.80434994635721,1.53999996185303,6.23,1.9380878593854,1.24212796855366,18.690707881165427,0.404,0.697,11.14766815480221,1.59,91.70382690429688,8.823055988355343,0.0,10.0,94.0,1.773
505,58452984709.5,1.80434994635721,1.53999996185303,6.23,1.9380878593854,1.24212796855366,18.690707881165427,0.404,0.697,11.14766815480221,1.59,91.70382690429688,8.823055988355343,0.0,10.0,94.0,1.773
506,58452984709.5,1.80434994635721,1.53999996185303,6.23,1.9380878593854,1.24212796855366,18.690707881165427,0.404,0.697,11.14766815480221,1.59,91.70382690429688,8.823055988355343,0.0,10.0,94.0,1.773
507,58452984709.5,1.80434994635721,1.53999996185303,6.23,1.9380878593854,1.24212796855366,18.690707881165427,0.404,0.697,11.14766815480221,1.59,91.70382690429688,8.823055988355343,0.0,10.0,94.0,1.773
508,58452984709.5,1.80434994635721,1.53999996185303,6.23,1.9380878593854,1.24212796855366,18.690707881165427,0.404,0.697,11.14766815480221,1.59,91.70382690429688,8.823055988355343,0.0,10.0,94.0,1.773
509,58452984709.5,1.80434994635721,1.53999996185303,6.23,1.9380878593854,1.24212796855366,18.690707881165427,0.404,0.697,11.14766815480221,1.59,91.70382690429688,8.823055988355343,0.0,10.0,94.0,1.773
510,58452984709.5,1.80434994635721,1.53999996185303,6.23,1.9380878593854,1.24212796855366,18.690707881165427,0.404,0.697,11.14766815480221,1.59,91.70382690429688,8.823055988355343,0.0,10.0,94.0,1.773
511,58452984709.5,1.80434994635721,1.53999996185303,6.23,1.9380878593854,1.24212796855366,18.690707881165427,0.404,0.697,11.14766815480221,1.59,91.70382690429688,8.823055988355343,0.0,10.0,94.0,1.773
512,58452984709.5,1.80434994635721,1.53999996185303,6.23,1.9380878593854,1.24212796855366,18.690707881165427,0.404,0.697,11.14766815480221,1.59,91.70382690429688,8.823055988355343,0.0,10.0,94.0,1.773
513,58452984709.5,1.80434994635721,1.53999996185303,6.23,1.9380878593854,1.24212796855366,18.690707881165427,0.404,0.697,11.14766815480221,1.59,91.70382690429688,8.823055988355343,0.0,10.0,94.0,1.773
514,44559883685.7,14.9980338183251,0.0,16.271,17.5724030366542,0.490996769130759,16.213405830762646,0.306,0.936,10.54630739307698,6.01,46.12220001220703,9.558891718667494,0.0,3.1,81.8,2.121
515,1526204768.1,-7.79664179104469,0.0,23.667,4.09730868758713,1.6,15.761420707019587,0.258,0.48,6.841373994331672,7.76,4.2,6.783113400146381,0.0,3.0,81.0,0.797
516,1526204768.1,-7.79664179104469,0.0,23.667,4.09730868758713,1.6,15.761420707019587,0.258,0.48,6.841373994331672,7.76,4.2,6.783113400146381,0.0,3.0,81.0,0.797
517,1526204768.1,-7.79664179104469,0.0,23.667,4.09730868758713,1.6,15.761420707019587,0.258,0.48,6.841373994331672,7.76,4.2,6.783113400146381,0.0,3.0,81.0,0.797
518,1526204768.1,-7.79664179104469,0.0,23.667,4.09730868758713,1.6,15.761420707019587,0.258,0.48,6.841373994331672,7.76,4.2,6.783113400146381,0.0,3.0,81.0,0.797
519,1526204768.1,-7.79664179104469,0.0,23.667,4.09730868758713,1.6,15.761420707019587,0.258,0.48,6.841373994331672,7.76,4.2,6.783113400146381,0.0,3.0,81.0,0.797
520,1526204768.1,-7.79664179104469,0.0,23.667,4.09730868758713,1.6,15.761420707019587,0.258,0.48,6.841373994331672,7.76,4.2,6.783113400146381,0.0,3.0,81.0,0.797
521,44559883685.7,14.9980338183251,0.0,16.271,17.5724030366542,0.490996769130759,16.213405830762646,0.306,0.936,10.54630739307698,6.01,46.12220001220703,9.558891718667494,0.0,3.1,81.8,2.121
522,190000000.0,17.2647914645975,12.2399997711182,6.8,0.0,12.362686187267,18.209959712636714,0.682,0.138,9.302825109429468,2.82,100.0,6.183210306274776,0.0,6.4,96.923,0.344
523,190000000.0,17.2647914645975,12.2399997711182,6.8,0.0,12.362686187267,18.209959712636714,0.682,0.138,9.302825109429468,2.82,100.0,6.183210306274776,0.0,6.4,96.923,0.344
524,190000000.0,17.2647914645975,12.2399997711182,6.8,0.0,12.362686187267,18.209959712636714,0.682,0.138,9.302825109429468,2.82,100.0,6.183210306274776,0.0,6.4,96.923,0.344
525,190000000.0,17.2647914645975,12.2399997711182,6.8,0.0,12.362686187267,18.209959712636714,0.682,0.138,9.302825109429468,2.82,100.0,6.183210306274776,0.0,6.4,96.923,0.344
526,190000000.0,17.2647914645975,12.2399997711182,6.8,0.0,12.362686187267,18.209959712636714,0.682,0.138,9.302825109429468,2.82,100.0,6.183210306274776,0.0,6.4,96.923,0.344
527,190000000.0,17.2647914645975,12.2399997711182,6.8,0.0,12.362686187267,18.209959712636714,0.682,0.138,9.302825109429468,2.82,100.0,6.183210306274776,0.0,6.4,96.923,0.344
528,190000000.0,17.2647914645975,12.2399997711182,6.8,0.0,12.362686187267,18.209959712636714,0.682,0.138,9.302825109429468,2.82,100.0,6.183210306274776,0.0,6.4,96.923,0.344
529,190000000.0,17.2647914645975,12.2399997711182,6.8,0.0,12.362686187267,18.209959712636714,0.682,0.138,9.302825109429468,2.82,100.0,6.183210306274776,0.0,6.4,96.923,0.344
530,190000000.0,17.2647914645975,12.2399997711182,6.8,0.0,12.362686187267,18.209959712636714,0.682,0.138,9.302825109429468,2.82,100.0,6.183210306274776,0.0,6.4,96.923,0.344
531,190000000.0,17.2647914645975,12.2399997711182,6.8,0.0,12.362686187267,18.209959712636714,0.682,0.138,9.302825109429468,2.82,100.0,6.183210306274776,0.0,6.4,96.923,0.344
532,12459468772.6,16.945100654195,3.31,12.529,25.6072626091251,1.25407552761628,0.0,0.36,0.73,6.705639094860003,6.6,15.2,8.704336438489406,0.0,8.0,0.0,0.0
533,12459468772.6,16.945100654195,3.31,12.529,25.6072626091251,1.25407552761628,0.0,0.36,0.73,6.705639094860003,6.6,15.2,8.704336438489406,0.0,8.0,0.0,0.0
534,12459468772.6,16.945100654195,3.31,12.529,25.6072626091251,1.25407552761628,0.0,0.36,0.73,6.705639094860003,6.6,15.2,8.704336438489406,0.0,8.0,0.0,0.0
535,12459468772.6,16.945100654195,3.31,12.529,25.6072626091251,1.25407552761628,0.0,0.36,0.73,6.705639094860003,6.6,15.2,8.704336438489406,0.0,8.0,0.0,0.0
536,690626853.7,1.40297017136816,5.61,12.15,12.6926233946448,1.68608901432654,0.0,0.172,0.831,5.889520411195617,4.94,12.72702980041504,6.236492870275637,0.0,0.0,59.5,2.77
537,227111768434.6,8.34926704907581,5.44,7.558,7.10377649758183,2.63146214095939,21.342766477338056,0.59,0.439,13.11398542415732,2.74,72.89938354492188,11.724493938805015,0.0,0.0,89.5,0.311
538,845231817.3,11.9586206896552,29.36,9.487,0.790439021897194,3.68807106615083,0.0,0.117,0.717,5.527466846114071,3.5,56.18227767944336,4.429315672717046,0.0,0.0,92.083,0.6
539,9495368311.1,1.47234311385647,0.76,9.193,0.0489375089487919,13.5,17.942644943009366,0.1,0.85,7.834788107388194,2.5,51.73490905761719,8.497398564088058,0.0,3.4,0.0,0.0
540,9495368311.1,1.47234311385647,0.76,9.193,0.0489375089487919,13.5,17.942644943009366,0.1,0.85,7.834788107388194,2.5,51.73490905761719,8.497398564088058,0.0,3.4,0.0,0.0
541,9495368311.1,1.47234311385647,0.76,9.193,0.0489375089487919,13.5,17.942644943009366,0.1,0.85,7.834788107388194,2.5,51.73490905761719,8.497398564088058,0.0,3.4,0.0,0.0
542,9495368311.1,1.47234311385647,0.76,9.193,0.0489375089487919,13.5,17.942644943009366,0.1,0.85,7.834788107388194,2.5,51.73490905761719,8.497398564088058,0.0,3.4,0.0,0.0
543,9495368311.1,1.47234311385647,0.76,9.193,0.0489375089487919,13.5,17.942644943009366,0.1,0.85,7.834788107388194,2.5,51.73490905761719,8.497398564088058,0.0,3.4,0.0,0.0
544,3556481608.2,6.28354087427708,9.86,8.327,33.3879328183028,2.3,16.012735135300492,0.225,0.816,7.099079523037401,4.98,33.95951461791992,5.90092422343141,0.0,0.0,94.0,0.568
545,6819093933.4,8.04492437660281,12.2299995422363,4.692,18.0830615016152,3.10518416947631,15.201804919084164,0.2,0.7,9.584383610076006,1.6,99.9,9.042040056544483,0.0,4.9,0.0,0.0
546,127656910096.1,12.0718562874252,9.27000045776367,14.7,3.80797964045621,2.24502052094788,13.815510557964274,0.211,0.822,10.739148906345989,1.5,100.0,8.476730507336255,1.0,10.0,75.694,2.957
547,127656910096.1,12.0718562874252,9.27000045776367,14.7,3.80797964045621,2.24502052094788,13.815510557964274,0.211,0.822,10.739148906345989,1.5,100.0,8.476730507336255,1.0,10.0,75.694,2.957
548,54658772612.5,2.78110631182942,3.47,8.04,12.4256909906019,1.41998694334012,16.90655301132259,0.273,0.546,8.49743487513831,4.78,29.674449920654297,8.020660929125631,0.0,10.0,86.857,0.788
549,54658772612.5,2.78110631182942,3.47,8.04,12.4256909906019,1.41998694334012,16.90655301132259,0.273,0.546,8.49743487513831,4.78,29.674449920654297,8.020660929125631,0.0,10.0,86.857,0.788
550,54658772612.5,2.78110631182942,3.47,8.04,12.4256909906019,1.41998694334012,16.90655301132259,0.273,0.546,8.49743487513831,4.78,29.674449920654297,8.020660929125631,0.0,10.0,86.857,0.788
551,74750940393.0,1.25369880080986,2.70000004768372,5.695,0.662887493862749,1.04558514673889,19.25358986688747,0.374,0.671,11.235780970050442,2.72,92.0665054321289,9.320483990338412,0.0,6.5,94.25,0.045
552,74750940393.0,1.25369880080986,2.70000004768372,5.695,0.662887493862749,1.04558514673889,19.25358986688747,0.374,0.671,11.235780970050442,2.72,92.0665054321289,9.320483990338412,0.0,6.5,94.25,0.045
553,74750940393.0,1.25369880080986,2.70000004768372,5.695,0.662887493862749,1.04558514673889,19.25358986688747,0.374,0.671,11.235780970050442,2.72,92.0665054321289,9.320483990338412,0.0,6.5,94.25,0.045
554,74750940393.0,1.25369880080986,2.70000004768372,5.695,0.662887493862749,1.04558514673889,19.25358986688747,0.374,0.671,11.235780970050442,2.72,92.0665054321289,9.320483990338412,0.0,6.5,94.25,0.045
555,74750940393.0,1.25369880080986,2.70000004768372,5.695,0.662887493862749,1.04558514673889,19.25358986688747,0.374,0.671,11.235780970050442,2.72,92.0665054321289,9.320483990338412,0.0,6.5,94.25,0.045
556,74750940393.0,1.25369880080986,2.70000004768372,5.695,0.662887493862749,1.04558514673889,19.25358986688747,0.374,0.671,11.235780970050442,2.72,92.0665054321289,9.320483990338412,0.0,6.5,94.25,0.045
557,4367932030.6,200.0,8.73,6.999,3.65271628497946,4.1,15.89495209964411,0.14,0.87,6.569481420414296,2.9,89.7,7.547501682814967,0.0,6.4,0.0,0.0
558,4367932030.6,200.0,8.73,6.999,3.65271628497946,4.1,15.89495209964411,0.14,0.87,6.569481420414296,2.9,89.7,7.547501682814967,0.0,6.4,0.0,0.0
559,127656910096.1,12.0718562874252,9.27000045776367,14.7,3.80797964045621,2.24502052094788,13.815510557964274,0.211,0.822,10.739148906345989,1.5,100.0,8.476730507336255,1.0,10.0,75.694,2.957
560,127656910096.1,12.0718562874252,9.27000045776367,14.7,3.80797964045621,2.24502052094788,13.815510557964274,0.211,0.822,10.739148906345989,1.5,100.0,8.476730507336255,1.0,10.0,75.694,2.957
561,127656910096.1,12.0718562874252,9.27000045776367,14.7,3.80797964045621,2.24502052094788,13.815510557964274,0.211,0.822,10.739148906345989,1.5,100.0,8.476730507336255,1.0,10.0,75.694,2.957
562,127656910096.1,12.0718562874252,9.27000045776367,14.7,3.80797964045621,2.24502052094788,13.815510557964274,0.211,0.822,10.739148906345989,1.5,100.0,8.476730507336255,1.0,10.0,75.694,2.957
563,127656910096.1,12.0718562874252,9.27000045776367,14.7,3.80797964045621,2.24502052094788,13.815510557964274,0.211,0.822,10.739148906345989,1.5,100.0,8.476730507336255,1.0,10.0,75.694,2.957
564,127656910096.1,12.0718562874252,9.27000045776367,14.7,3.80797964045621,2.24502052094788,13.815510557964274,0.211,0.822,10.739148906345989,1.5,100.0,8.476730507336255,1.0,10.0,75.694,2.957
565,127656910096.1,12.0718562874252,9.27000045776367,14.7,3.80797964045621,2.24502052094788,13.815510557964274,0.211,0.822,10.739148906345989,1.5,100.0,8.476730507336255,1.0,10.0,75.694,2.957
566,127656910096.1,12.0718562874252,9.27000045776367,14.7,3.80797964045621,2.24502052094788,13.815510557964274,0.211,0.822,10.739148906345989,1.5,100.0,8.476730507336255,1.0,10.0,75.694,2.957
567,28827327849.4,3.62939937384383,15.5600004196167,5.883,1.93950475479418,2.36081973711756,17.37085861945369,0.636,0.338,9.466662883292916,2.24,100.0,7.090594201919146,0.0,9.1,92.4,1.204
